AadhaarNumber,Name,DateOfBirth,Gender,City,State,PhoneNumber,Email
6.2718E+11,Ahana  Chauhan,25-09-2014,Male,Guntur,Assam,1283618774,aainagade@gmail.com
6.27355E+11,Adira Madan,06-11-2001,Male,Kadapa,Andhra Pradesh,9234493236,cvirk@yahoo.com
8.6894E+11,Misha Sani,16-12-2022,Other,Guntur,Meghalaya,9.19973E+11,parinaaz66@srivastava-kohli.com
1.74596E+11,Nirvi Ray,08-01-1939,Male,Dehradun,Tamil Nadu,8047807023,kaira62@yahoo.com
2.9616E+11,Gatik Dass,05-07-2020,Male,Yamunanagar,Punjab,715244929,cdugar@sandal-venkataraman.biz
1.72459E+11,Tanya Rana,15-02-2019,Female,Nellore,Goa,8581754812,bedicharvi@gmail.com
1.88301E+11,Taran Dar,30-05-1962,Other,Amroha,Chhattisgarh,4892611462,tiyatank@raj.com
1.75862E+11,Bhavin Krishna,29-07-1946,Female,Danapur,Rajasthan,3857071354,ahanda@sant-kar.org
9.96629E+11,Oorja Brahmbhatt,11-06-1966,Other,Bhiwandi,Uttarakhand,7757836740,tushar58@chatterjee-sinha.com
2.25291E+11,Pari Kalla,12-01-1944,Male,Vellore,Manipur,1928158589,aarnagade@thaman-vig.com
8.89942E+11,Nishith Sankar,31-01-1928,Female,Raipur,Maharashtra,2347783316,suhanamangat@din.com
3.37065E+11,Nishith Sandhu,13-10-1987,Male,Thrissur,Arunachal Pradesh,9.14364E+11,purab03@gmail.com
7.38016E+11,Vritika Andra,26-09-2009,Female,Visakhapatnam,Andhra Pradesh,408403016,vohraheer@sani.com
33762392220,Anika Bala,09-07-1961,Other,Thane,Arunachal Pradesh,8527106495,jayanmanda@bali.org
5.97958E+11,Vihaan Roy,30-11-1943,Other,Dibrugarh,Manipur,9.10838E+11,ivana07@saini-behl.com
4.82347E+11,Mishti Lal,16-01-1990,Female,Bathinda,Tripura,2682940058,arhaanbarman@singh.com
2.82903E+11,Anaya Gala,02-09-1992,Female,Tiruvottiyur,Odisha,8428144968,dhegde@ratti.com
5.21176E+11,Jayesh Saini,19-06-1990,Male,Gopalpur,Chhattisgarh,9.19759E+11,miraya98@gmail.com
15657020119,Navya Khanna,29-10-1987,Male,Davanagere,Manipur,9.1534E+11,schauhan@chadha.org
3.84555E+11,Armaan Bath,27-01-2014,Other,Ghaziabad,Kerala,1947802360,singhreyansh@yahoo.com
7.28079E+11,Priyansh Dar,10-01-1979,Other,Chapra,Manipur,2845236742,kavyagala@dayal-barad.com
3.59382E+11,Akarsh Chada,05-06-1959,Male,Patiala,Punjab,9.14379E+11,arnavben@kunda.biz
6.44268E+11,Vidur Gokhale,03-03-1929,Other,Munger,Arunachal Pradesh,7908030968,samarthwarrior@samra.com
4.5699E+11,Hiran Barman,02-05-1979,Male,Baranagar,Maharashtra,8540419585,ratikota@yahoo.com
2.39699E+11,Vidur Comar,26-08-1998,Female,Amravati,Tripura,9.18159E+11,shloksachdeva@balay.com
8.0652E+11,Anika Barad,06-02-1989,Female,Kishanganj,Jharkhand,5798130961,mishtisaraf@gmail.com
7.66849E+11,Inaaya  Anne,12-03-1954,Other,Dewas,Uttarakhand,4115643757,arhaan19@kari.com
3.6269E+11,Shaan Tripathi,02-01-1948,Male,Ambala,Sikkim,9.18231E+11,hridaan27@yahoo.com
53370449855,Inaaya  Shah,13-08-1977,Other,Burhanpur,Maharashtra,2599737340,mahalyakshit@yahoo.com
2.66414E+11,Jivika Ramakrishnan,30-06-1984,Other,Salem,Meghalaya,9.18319E+11,edwinraghav@dutta.com
7.49846E+11,Jhanvi Lala,27-03-1923,Female,Bijapur,Manipur,9.19231E+11,ndhar@sangha.com
5.13119E+11,Badal Kalla,28-08-1933,Male,Nashik,West Bengal,7295982815,hariritvik@gmail.com
1.38908E+11,Ritvik Lad,04-06-2015,Male,Pudukkottai,Uttarakhand,159104653,sekhonehsaan@hotmail.com
66120468333,Kiara Vaidya,19-11-1992,Other,Guwahati,Maharashtra,1463324318,cben@bahl.net
4.16874E+11,Amani Tella,28-04-1992,Male,Bikaner,Himachal Pradesh,9312200867,darshittoor@gmail.com
4.35205E+11,Indrans Krishna,16-06-1991,Male,Kulti,Uttarakhand,1030071235,mahika38@hotmail.com
8.28815E+11,Badal Keer,24-03-2015,Male,Faridabad,Tamil Nadu,8752169280,uvirk@gmail.com
5.44501E+11,Bhavin Hari,03-03-1939,Male,Ambattur,Punjab,7894002257,ojasdoctor@banik.com
3.24278E+11,Shalv Bhatt,17-02-1963,Male,Hubli–Dharwad,Haryana,7296875684,sumer97@bava.com
6.55031E+11,Eshani Shroff,08-06-1954,Female,Bidar,Nagaland,3366510028,sanarege@yahoo.com
6.52129E+11,Jayesh Borah,15-08-1958,Female,Ahmedabad,Haryana,9243566931,lavanyatank@gmail.com
6.25569E+11,Saira Bains,21-07-1986,Female,Rohtak,Chhattisgarh,5745639560,raniadasgupta@hotmail.com
6.22066E+11,Umang Basu,22-05-1991,Other,Chennai,Bihar,9.13619E+11,anya89@yahoo.com
56720206666,Alisha Sood,29-03-1943,Male,Bhalswa Jahangir Pur,Kerala,4730271011,indranilcomar@dara-varughese.com
3.31529E+11,Indranil Gade,16-02-1992,Female,Sambhal,Assam,9170460191,irataneja@yahoo.com
66571710295,Darshit De,14-03-1944,Other,Madurai,Karnataka,369052066,baiju07@yahoo.com
3.92087E+11,Nirvaan Ahluwalia,19-10-2011,Male,Kadapa,Himachal Pradesh,5709528617,echoudhury@hotmail.com
9.26613E+11,Prisha Thakur,15-03-2005,Male,New Delhi,Telangana,9.15682E+11,anvi46@yahoo.com
2.90162E+11,Biju Ramachandran,08-04-1934,Other,Gangtok,Gujarat,9246180788,inaaya-59@hotmail.com
4.22717E+11,Alisha Luthra,20-01-1971,Female,Guntakal,Sikkim,6856909840,swamymohanlal@hotmail.com
4.33896E+11,Faiyaz Grover,09-06-1950,Male,Gangtok,Odisha,5487698132,aradhya45@gara-rau.info
4.84085E+11,Yashvi Srivastava,16-11-1945,Female,Sambalpur,West Bengal,9.13781E+11,saanvi91@hotmail.com
1.7794E+11,Akarsh Bawa,20-03-1946,Male,Tenali,Nagaland,4469929126,lganguly@sharma.com
1.96751E+11,Zoya Kaur,29-11-2016,Female,Kadapa,Manipur,9.17814E+11,warrioroorja@gmail.com
4.53558E+11,Khushi Ramanathan,08-07-1998,Male,Bettiah,Punjab,9.13187E+11,romil41@thaman-dutt.info
2.54398E+11,Ojas Kaul,28-07-2003,Male,Motihari,Manipur,7628027604,gokul96@lad-varghese.com
39547964573,Romil Dhingra,14-08-1960,Other,Parbhani,Manipur,9.17505E+11,yguha@randhawa.info
9.45132E+11,Ehsaan Tella,27-06-2001,Other,Shivpuri,Goa,9.13326E+11,goyalkimaya@hotmail.com
2.86096E+11,Riya Dhawan,29-12-1938,Male,Ujjain,Punjab,4068696619,rcomar@yahoo.com
8.47584E+11,Jayant Tiwari,08-07-1963,Male,Serampore,Himachal Pradesh,8668290688,dattayakshit@yahoo.com
1.83524E+11,Divyansh Shan,21-05-1924,Other,Vellore,Tripura,9091457406,edin@yahoo.com
4.89327E+11,Ryan Agrawal,15-03-1945,Male,Buxar,Chhattisgarh,2940590612,soodmiraya@badal.com
3.91857E+11,Urvi Iyer,20-05-1941,Male,Bidhannagar,Mizoram,5424435059,rattamannat@walia.com
7.36075E+11,Tara Divan,26-01-1940,Female,Bhalswa Jahangir Pur,Sikkim,4007391160,pihusheth@chaudhuri.org
8.63958E+11,Manjari Sachdev,12-10-1961,Female,Lucknow,Haryana,9.10224E+11,lokesaksham@lanka.com
7.2807E+11,Indrajit Gola,02-06-2010,Male,Ozhukarai,West Bengal,3671193083,khuranakimaya@vig-sastry.com
43391576763,Tiya Dayal,18-04-2017,Female,Dibrugarh,Uttarakhand,9.17277E+11,ravimanjari@basu.biz
8.01631E+11,Purab Kade,28-02-1967,Other,Lucknow,Uttar Pradesh,9.14671E+11,tanya71@issac.biz
5.28178E+11,Aayush Kakar,02-09-1952,Female,Farrukhabad,Tripura,8933134151,prerak88@gara.com
3.78864E+11,Alia Sodhi,16-12-2000,Female,Warangal,Tamil Nadu,9.14207E+11,jhanvi77@rajan-dalia.info
7.88564E+11,Nirvi Soni,23-02-1975,Male,Bareilly,Punjab,1795543025,gokhaleindranil@karpe.com
1.23825E+11,Misha Gandhi,29-01-1935,Male,Chinsurah,Goa,9213538685,raunakraja@yahoo.com
1.05622E+11,Shalv Koshy,16-02-1949,Other,Gopalpur,Assam,657795862,yashvi10@sidhu-bumb.com
5.854E+11,Indrajit Srivastava,07-10-2011,Female,Ghaziabad,Himachal Pradesh,290475775,himmat80@chandra.biz
9.77709E+11,Reyansh Aggarwal,14-02-1991,Other,Hapur,Bihar,9.18566E+11,adivan@gmail.com
4.3327E+11,Devansh Jhaveri,07-03-1928,Male,Tezpur,Kerala,289434093,tkrishna@yahoo.com
20297934734,Ishaan Sem,06-12-1942,Female,Raurkela Industrial Township,Assam,9.1075E+11,semtushar@dasgupta.com
4.761E+11,Samarth Kale,26-03-1990,Other,Dhule,Tamil Nadu,9.15672E+11,kchahal@karnik-sama.com
1.53327E+11,Biju Singhal,20-09-1995,Male,Jalgaon,Tamil Nadu,9.19514E+11,sbatta@kakar.biz
1.60885E+11,Jayesh Warrior,24-06-1968,Male,Guwahati,Himachal Pradesh,3277718858,karnikvritika@goda.info
9.46577E+11,Elakshi Chowdhury,13-04-1944,Male,South Dumdum,Karnataka,5425801088,samar06@chaudhary.com
9.95163E+11,Mohanlal Sehgal,22-06-2002,Other,Panchkula,Meghalaya,9.16795E+11,myrabatra@garde.info
55047434560,Akarsh Madan,23-09-1997,Other,Rohtak,Arunachal Pradesh,1386928979,rati89@jhaveri.com
9.48417E+11,Nitya Sethi,20-03-2000,Other,Tumkur,Haryana,9.19528E+11,vsubramaniam@yahoo.com
64921987587,Rasha Rao,13-08-1969,Male,Sultan Pur Majra,Assam,5007771595,biradvik@kuruvilla-vohra.com
3.75446E+11,Nehmat Tata,05-11-1934,Female,Thoothukudi,Mizoram,9.11974E+11,hanshratti@garde.info
3.08748E+11,Aradhya Singhal,31-10-1939,Other,Naihati,Meghalaya,1733417531,kanavsanghvi@yahoo.com
1.66404E+11,Eshani Dua,27-11-1955,Female,Gangtok,Tripura,9.19065E+11,shanaya56@hayer-thaman.net
7.17674E+11,Himmat Swamy,08-05-1980,Other,Asansol,Punjab,9.19037E+11,sana86@bhavsar.biz
57067109792,Nirvi Bumb,17-04-1987,Female,Ahmedabad,Goa,6900205792,lsarma@savant.com
8.16209E+11,Aarush Bumb,30-09-1924,Other,Hindupur,Uttar Pradesh,4593613968,zachariahaarna@keer.biz
6.10333E+11,Shanaya Sen,23-12-1989,Other,Visakhapatnam,Andhra Pradesh,9.15952E+11,heerbhasin@yahoo.com
1.08077E+11,Himmat Bhasin,03-06-1974,Female,Raipur,Arunachal Pradesh,9133462456,ladanahi@yahoo.com
7481402547,Rhea Tara,09-10-1930,Female,Nizamabad,Maharashtra,9.11649E+11,vdatta@desai-kaur.com
7.22848E+11,Yakshit Gade,24-09-1980,Female,Mira-Bhayandar,Andhra Pradesh,1565731150,zkara@gmail.com
8.79076E+11,Myra Saraf,22-08-1992,Male,Hubli–Dharwad,Chhattisgarh,9.12814E+11,butalaaayush@gmail.com
4.02944E+11,Neelofar Salvi,25-12-1925,Other,Dehri,Sikkim,4032008119,doctorhiran@hotmail.com
4.64645E+11,Riya Bath,28-09-2021,Female,Munger,Punjab,9013293210,hrishita94@kunda.org
8.12092E+11,Yuvaan Tara,13-12-2016,Other,Satara,Tripura,3624392533,lganesan@kunda.com
6.0303E+11,Neysa Badami,12-11-1941,Male,Phagwara,Tripura,7706755714,samarjha@zachariah.biz
6.98396E+11,Biju Sarna,09-12-1937,Male,Hajipur,Himachal Pradesh,5643275118,wallaneysa@khurana-deep.com
8.92676E+11,Pari Ganesan,31-07-1984,Male,Surendranagar Dudhrej,Bihar,9.19656E+11,anayraval@yahoo.com
2.76043E+11,Zeeshan Mann,12-04-1966,Female,Patiala,Telangana,3929490165,aramakrishnan@agarwal-venkataraman.com
3.42119E+11,Parinaaz D’Alia,12-07-2014,Female,Amravati,Sikkim,3892002081,tiyabassi@gmail.com
4.56471E+11,Vivaan Kibe,20-06-1940,Other,Sambalpur,Haryana,9.13128E+11,mehul21@sachdev.com
19962087737,Anaya Lala,19-08-1976,Other,Nandyal,Telangana,9.12974E+11,chadayesha@yahoo.com
5.11093E+11,Bhamini Shan,24-09-1941,Male,Rewa,Himachal Pradesh,9435373047,jhanvisood@sharaf-swaminathan.net
4.91137E+11,Ishita Bath,09-04-2020,Other,Ghaziabad,Goa,5708826655,zainavarty@yahoo.com
2.92988E+11,Zaina Krishnan,18-06-1977,Other,Bhagalpur,Mizoram,8301374606,aram@yahoo.com
1.59353E+11,Nirvi Karan,10-01-1928,Male,Ranchi,Kerala,258236206,ivan50@hotmail.com
5.66335E+11,Jivika Grover,19-06-2009,Other,Jalandhar,Meghalaya,9.16552E+11,hrishita55@gmail.com
3.6097E+11,Azad Vaidya,09-06-2001,Other,Kulti,Tamil Nadu,9.17949E+11,lcontractor@saha-ganesh.com
7.11946E+11,Yuvaan Dada,17-12-1975,Female,Nellore,Tamil Nadu,9323096459,hunarrajagopalan@chaudry.info
9.8236E+11,Jayant Dua,06-01-1976,Female,Allahabad,Manipur,9.15929E+11,dharmajansrinivasan@gmail.com
6.32009E+11,Samarth Wason,15-11-1987,Male,Allahabad,Maharashtra,1784904379,nityahans@yahoo.com
5.57232E+11,Samiha Gaba,05-05-2022,Other,Bellary,Sikkim,5726597064,drishya49@gmail.com
2.73894E+11,Keya Sanghvi,12-09-1950,Male,Jamalpur,Telangana,6402890688,veer40@banik.com
8.45604E+11,Raunak Chatterjee,19-06-2013,Other,Sonipat,West Bengal,4446306784,hdhawan@hotmail.com
2.30546E+11,Sumer Mallick,03-10-1961,Other,Raurkela Industrial Township,Meghalaya,6187033700,krishgala@gmail.com
4.03212E+11,Dhanush Kulkarni,03-07-1931,Female,North Dumdum,Telangana,9.16981E+11,hkashyap@chauhan-manne.biz
9.41385E+11,Ryan Shere,28-08-1975,Male,Naihati,Arunachal Pradesh,9400145072,riyadoctor@malhotra.biz
4.39877E+11,Lakshit Chaudhary,29-11-1972,Female,Gorakhpur,Chhattisgarh,9.16454E+11,uthkarsh22@magar.biz
7.4987E+11,Bhavin Bhandari,18-05-2020,Other,Kirari Suleman Nagar,Kerala,9.13904E+11,mangalshlok@hotmail.com
71877417805,Aaina Khatri,25-03-1933,Male,Pallavaram,Sikkim,9.17324E+11,mangalmadhup@wali-subramanian.biz
4.86086E+11,Zeeshan Andra,01-01-1934,Other,Guwahati,Mizoram,9.17188E+11,tushar71@hotmail.com
2.48588E+11,Raghav Goda,21-11-2002,Other,Kishanganj,Nagaland,2927219653,samihajha@seshadri.org
8.39332E+11,Ira Dubey,11-02-2008,Female,Anantapur,Chhattisgarh,2124695900,shlokmanne@bhavsar.com
2322813279,Urvi Sridhar,09-10-1947,Other,Phagwara,Andhra Pradesh,1533256393,mkothari@gmail.com
8.78017E+11,Onkar Sankaran,15-01-1950,Other,Uluberia,Rajasthan,6537469104,indranil00@rao.biz
1.5309E+11,Tara Walla,15-07-1950,Female,Phusro,Telangana,9.1125E+11,nchaudhuri@yahoo.com
9.73693E+11,Riaan Kumer,29-03-1930,Male,Raebareli,Uttar Pradesh,5380589206,rkant@deshmukh-khatri.com
8.58702E+11,Jayant Hans,02-09-1946,Female,Munger,Nagaland,9693837137,yasmin05@yahoo.com
5.22184E+11,Jiya Warrior,30-12-2003,Male,Aizawl,Nagaland,8148909083,wagleishita@dube.org
6.43576E+11,Hazel Sankar,04-02-1966,Female,Indore,Karnataka,7544005371,saanvibarad@kaur-agrawal.biz
8.5901E+11,Mehul Badal,25-02-2007,Female,Saharanpur,Tripura,9.16999E+11,usura@seshadri.com
8.24656E+11,Baiju Sura,18-02-1952,Other,Tenali,Telangana,3060975452,gkhatri@hotmail.com
6.40867E+11,Reyansh Batra,04-10-1965,Female,Vadodara,Tamil Nadu,9.12493E+11,scheema@krishnamurthy.com
28180158960,Hrishita Khosla,28-06-1979,Male,Bilaspur,Sikkim,18647220,reneebhalla@gaba-ganesan.com
7.38667E+11,Yuvaan Chatterjee,31-03-1934,Female,Noida,Nagaland,9.18675E+11,dhawannitya@yahoo.com
8.40617E+11,Krish Kar,10-01-1964,Male,Hosur,Mizoram,1481494383,lvaidya@gmail.com
1.7193E+11,Vihaan Sunder,07-09-2000,Female,Berhampore,Telangana,9.17596E+11,samar68@kamdar.info
6.12901E+11,Romil Luthra,16-04-1932,Other,Vijayawada,Uttarakhand,4912530153,ucomar@venkatesh.com
6.70376E+11,Divit Ramakrishnan,01-02-1962,Other,Khora ,West Bengal,9266433615,jbabu@tailor.com
8.09019E+11,Damini Lall,17-05-1995,Male,Nagpur,Assam,9.19138E+11,gandhiishaan@hotmail.com
5.75624E+11,Romil Keer,31-12-1995,Male,Visakhapatnam,Meghalaya,6823331376,wsubramaniam@gmail.com
5.87829E+11,Gatik Maharaj,22-03-2015,Female,Bhind,Tripura,7143745144,bborah@yahoo.com
8.74241E+11,Aaryahi Kapur,15-11-2015,Female,Nagaon,Himachal Pradesh,1159941806,yakshitbaria@gmail.com
85789605080,Pari Uppal,29-12-1940,Other,Udaipur,Madhya Pradesh,9.19608E+11,rasha39@barad.com
24532180952,Hiran Kapadia,03-08-2011,Other,Miryalaguda,Andhra Pradesh,1703476938,rati87@chadha-majumdar.com
4.05126E+11,Eva Edwin,23-05-1938,Female,Kavali,Telangana,9.18153E+11,karishaan@hotmail.com
76865755294,Jayan Saha,21-05-1927,Female,Kochi,Manipur,384747397,aradhya88@chandra-varkey.com
5.93163E+11,Hiran Maharaj,15-11-1997,Other,Jalgaon,Goa,3671042368,jayant70@dutta.info
7.56378E+11,Hazel Goel,04-09-2003,Other,Gandhidham,Mizoram,6870960943,msavant@bala.com
1.96168E+11,Trisha Khosla,20-09-1930,Male,Faridabad,Karnataka,3087824247,eshah@gmail.com
5.65854E+11,Sahil Brahmbhatt,06-07-1992,Female,Surat,Punjab,3136618565,anikarandhawa@korpal-choudhury.com
1.50959E+11,Piya Dutt,28-09-1957,Other,Srinagar,Odisha,2555968,mohanlal08@wali.biz
4.5084E+11,Jayant Krishna,12-10-1993,Female,Meerut,Manipur,6863726191,pihu33@lala-kibe.org
65385805768,Shalv Lalla,23-11-1955,Other,Guntakal,Chhattisgarh,2545292162,hanshrao@hotmail.com
9.46187E+11,Piya Devan,27-04-2022,Female,Bhilai,Bihar,8222156251,indransbalakrishnan@gmail.com
3.46546E+11,Aarna Sawhney,31-01-1979,Male,Aurangabad,Mizoram,1179419318,jbhargava@yahoo.com
9.46341E+11,Kavya Buch,20-07-1979,Other,Satna,Rajasthan,7087233306,atiwari@gmail.com
1.15802E+11,Vivaan Bora,09-09-1976,Male,Allahabad,Nagaland,4181080506,zainavora@kala.com
31024150426,Jayan Andra,17-01-1988,Female,Anantapuram,Karnataka,2371131590,basuanika@atwal.net
2.04646E+11,Hrishita Bedi,26-02-1923,Other,Narasaraopet,Chhattisgarh,9.11167E+11,devanshkarnik@hotmail.com
9.62154E+11,Mishti Venkataraman,24-04-1978,Other,Bihar Sharif,Punjab,1061415106,mkhanna@gmail.com
8.82903E+11,Rhea Sodhi,13-11-1930,Other,Mau,Nagaland,9.17891E+11,yuvraj-ram@yahoo.com
4.19453E+11,Aaina Deep,21-09-1941,Other,Howrah,Haryana,1459062209,dasaayush@raju.com
3.05709E+11,Kanav Kibe,10-05-1933,Female,Dibrugarh,Maharashtra,9.10842E+11,reyansh90@gmail.com
5.49904E+11,Shlok Chaudhary,01-12-2010,Male,Panchkula,Assam,4523246846,jayeshdada@hotmail.com
5.68262E+11,Ela Chandra,09-06-1967,Male,Anantapur,Nagaland,740255694,dateoorja@yahoo.com
2.76248E+11,Faiyaz Sunder,29-03-1952,Female,Bidhannagar,Sikkim,1562178039,ishaan28@kota.com
3.94577E+11,Piya Bail,14-06-1963,Male,Dharmavaram,Karnataka,3464121638,arhaanmajumdar@hotmail.com
5.00736E+11,Jiya Chokshi,28-05-1942,Female,Phagwara,Nagaland,6101106773,lakshitramanathan@barad-bhakta.com
9.46515E+11,Elakshi Sami,05-12-1976,Other,Raiganj,Chhattisgarh,3340609800,suhana19@chokshi-choudhury.info
4.77428E+11,Khushi Bhardwaj,19-01-1953,Female,Begusarai,Maharashtra,7856747208,sheremannat@yahoo.com
8.16972E+11,Siya Garg,22-10-1945,Male,Amritsar,Arunachal Pradesh,4483286787,dhruv82@bali.com
9.77255E+11,Anika Wadhwa,22-11-1961,Female,Medininagar,Bihar,2923614067,lakshitbala@yahoo.com
6.71381E+11,Nirvaan Buch,30-04-1990,Male,Indore,Assam,7352479996,chadkabir@dass.org
7.41071E+11,Hiran Kuruvilla,21-10-1971,Female,Guna,Meghalaya,7684899798,charvikalita@sarin-kade.com
2.01492E+11,Aayush Loke,18-02-1954,Female,Gurgaon,Himachal Pradesh,9.13522E+11,pborah@yahoo.com
3.08203E+11,Yuvaan Dewan,23-07-1990,Other,Srikakulam,West Bengal,9.16046E+11,yuvaan22@gmail.com
5.54105E+11,Nirvi Bora,22-10-1957,Female,Jodhpur,Haryana,8844156511,majumdarpihu@yahoo.com
6.54851E+11,Azad Mani,30-09-1964,Other,Meerut,Andhra Pradesh,5783177251,ishankar@date.net
2.25991E+11,Jiya Sood,21-05-2020,Other,Begusarai,Kerala,9.18656E+11,sainijayant@yahoo.com
6.57182E+11,Urvi Bassi,04-03-1943,Male,Bhagalpur,Bihar,5724433191,vrau@gmail.com
5.55576E+11,Nayantara Anand,12-04-1946,Female,Farrukhabad,Manipur,6578195083,akoshy@goel.info
5.61821E+11,Jiya Atwal,12-05-1940,Female,Jabalpur,West Bengal,9.12474E+11,indrans03@karan.info
1.0636E+11,Priyansh Luthra,25-04-1935,Female,Hazaribagh,Himachal Pradesh,3059387722,loyalhazel@gade-sridhar.com
5.38231E+11,Oorja Kala,29-03-2019,Other,Eluru,Bihar,2983426378,hchadha@yahoo.com
2.95474E+11,Dhruv Doshi,06-12-1946,Male,Visakhapatnam,Gujarat,1613029116,vermajhanvi@hotmail.com
36026480559,Anahi Jayaraman,09-06-1927,Other,Morbi,Bihar,1567942394,abramkant@hotmail.com
5.07884E+11,Sara Bawa,30-12-2013,Other,Mahbubnagar,Kerala,962549077,mamooty56@gmail.com
9.02913E+11,Bhavin Kota,13-10-1968,Male,Salem,Jharkhand,1138924051,gokul89@hotmail.com
8.0076E+11,Zara Chaudhari,16-12-1998,Male,Firozabad,Jharkhand,9.18133E+11,sacharsiya@setty-sarma.com
8.92825E+11,Tanya Kohli,06-09-1982,Other,Thiruvananthapuram,Uttar Pradesh,2419347567,shayak03@gmail.com
7501296841,Zara Venkatesh,16-11-1940,Other,Rohtak,Tamil Nadu,9.12698E+11,dassjiya@luthra.com
2.6462E+11,Ishaan Shetty,14-10-1949,Female,Tirupati,Karnataka,1467154897,kartik72@hotmail.com
5.63789E+11,Nitya Bajaj,17-12-1947,Other,Ghaziabad,Jharkhand,5356049161,adirasane@chadha-dhaliwal.com
1.36425E+11,Ahana  Bahl,31-08-2016,Female,Thane,Punjab,9.11943E+11,karpepurab@dass.org
1.50133E+11,Tushar Das,14-12-2000,Other,Rewa,Uttarakhand,9752888412,seshadridarshit@walla.info
2.97208E+11,Riaan Dash,05-12-1922,Other,Sri Ganganagar,Rajasthan,2071701869,zara46@yahoo.com
5.71967E+11,Manikya Shroff,04-06-1979,Female,Jalna,Goa,6459602336,ranaindrans@gmail.com
8.83369E+11,Kaira Halder,04-12-1941,Female,Ujjain,Nagaland,7739836114,htara@dhar.com
3.1072E+11,Suhana Madan,04-11-1942,Female,Bahraich,Uttarakhand,4336911927,vritika35@hotmail.com
4.3049E+11,Kimaya Buch,02-12-1994,Female,Bongaigaon,Karnataka,2481535565,ahluwaliamamooty@sant.com
9.01039E+11,Jivika Mander,24-05-1927,Other,Hubli–Dharwad,Uttar Pradesh,3758546408,vsathe@borra.com
8.9992E+11,Nirvaan Boase,30-03-1983,Other,Orai,Karnataka,5946023375,dhruvkashyap@hayre-devan.com
6.05858E+11,Ojas Barad,24-04-2003,Male,Ghaziabad,Manipur,9.15223E+11,manikyagokhale@yahoo.com
7.69735E+11,Mahika Jha,10-05-1941,Other,Orai,Tamil Nadu,9.17099E+11,umang99@gmail.com
7.64998E+11,Inaaya  Varty,01-12-1936,Male,Pimpri-Chinchwad,Gujarat,3369948251,anyagarde@yahoo.com
8.73681E+11,Keya Grover,15-11-1982,Other,Kottayam,Telangana,3112606612,bhaminitalwar@baria.org
1.23922E+11,Saanvi Issac,23-02-2019,Male,Indore,Meghalaya,647830637,ckulkarni@hotmail.com
4.60267E+11,Ehsaan Ray,16-05-1966,Male,Srikakulam,Uttarakhand,2314638999,sumer62@contractor.com
3.80698E+11,Aarush Mane,04-09-1937,Female,Mangalore,Punjab,6364437697,malhotratiya@gmail.com
7.21773E+11,Manikya Tiwari,09-03-1966,Male,Lucknow,Manipur,1347592917,daliavanya@chahal-amble.info
4.14547E+11,Heer Sur,21-11-2007,Other,Vijayawada,Kerala,9.1905E+11,sabharwaleshani@ben-sabharwal.com
1.07759E+11,Baiju Chander,17-08-1990,Female,Tinsukia,Punjab,1130193856,zainkar@bhattacharyya.com
5134517495,Madhup Garde,12-03-2023,Female,Karawal Nagar,Maharashtra,4437836770,samarth93@gmail.com
8.18318E+11,Heer Kothari,16-02-2008,Male,Siliguri,Gujarat,9.18588E+11,farhan35@hotmail.com
2.69696E+11,Ivana Hans,25-09-1924,Female,Khammam,Maharashtra,4756095536,khushi49@comar.org
8.94313E+11,Sahil Raman,18-03-1926,Other,Katihar,Telangana,9.11449E+11,rania96@ahuja.info
9.48684E+11,Romil Kara,23-11-1976,Female,Muzaffarpur,Maharashtra,3161053211,kalitaelakshi@hotmail.com
5.07207E+11,Kaira Raj,31-05-2004,Male,Durg,Arunachal Pradesh,7602649765,cgulati@suri-barad.com
9.14217E+11,Trisha Sha,14-06-1952,Male,New Delhi,Gujarat,6988537167,balayriya@dugar-magar.info
6.92243E+11,Krish Raman,23-03-2000,Female,Tumkur,Maharashtra,4166844338,cbalasubramanian@yahoo.com
2.16753E+11,Hazel Jhaveri,22-03-1983,Other,Burhanpur,Tamil Nadu,6715021115,vkalla@yahoo.com
7.10936E+11,Ojas Basak,26-08-2022,Male,Jehanabad,Manipur,9.15007E+11,xreddy@yahoo.com
1.94311E+11,Himmat Chahal,14-02-1943,Female,Tinsukia,Assam,603050810,balasubramaniananahi@baral-tank.com
8.81262E+11,Drishya Apte,10-07-1928,Other,Bikaner,Mizoram,9.10099E+11,bahrikimaya@yahoo.com
1.1874E+11,Jivin Rao,20-12-1945,Other,Eluru,Bihar,7544041883,sawhneysaanvi@hotmail.com
4.6164E+11,Charvi Shankar,03-03-2022,Female,Tirunelveli,Uttarakhand,9.10185E+11,devanshvala@gupta-dasgupta.com
3.05773E+11,Arnav Batta,12-07-1923,Female,Morbi,Tamil Nadu,8813400919,divijtailor@hotmail.com
5.88032E+11,Charvi Saraf,07-04-2001,Female,Hospet,Himachal Pradesh,1335336124,deepsaira@hotmail.com
17755514653,Yasmin Dass,08-04-2003,Other,Raipur,Chhattisgarh,55476349,ychawla@dhingra.com
7.95295E+11,Trisha Chandra,06-06-2003,Female,Bhavnagar,West Bengal,9.18214E+11,auroratara@kulkarni.com
1.24676E+11,Indranil Goel,10-12-1943,Male,Jalandhar,Andhra Pradesh,6796231707,raunak04@hotmail.com
4.40042E+11,Hunar Sandal,23-09-1963,Female,Kochi,Uttar Pradesh,8152098608,vkade@balan-gola.net
2.26191E+11,Samiha Deo,20-05-2012,Female,Bijapur,Kerala,7766982625,yasmin57@gmail.com
4.37457E+11,Alisha Deo,27-01-1949,Other,Bidar,West Bengal,5359305434,chandrajhanvi@yahoo.com
1.15841E+11,Taran Rajagopal,13-05-1944,Female,Jamalpur,Himachal Pradesh,9017653224,bhatmishti@yahoo.com
8.26553E+11,Renee Solanki,02-05-2021,Female,Ahmednagar,Kerala,6073927364,zeeshan53@yahoo.com
1.73992E+11,Navya Ahluwalia,20-01-2002,Other,Bellary,Chhattisgarh,9.10656E+11,ochandra@shah.com
9.76539E+11,Gatik Wadhwa,07-03-1990,Other,Tadepalligudem,Madhya Pradesh,9.16404E+11,iganguly@kota-raval.com
2.40531E+11,Badal Bassi,17-12-1945,Male,Ulhasnagar,Mizoram,4646587546,sinhaprerak@yahoo.com
8.16045E+11,Advika Dewan,24-05-2022,Male,Dibrugarh,Tamil Nadu,9.16623E+11,yakshitramanathan@gmail.com
9.17885E+11,Zoya Sibal,12-06-2023,Male,Proddatur,Kerala,9.14949E+11,bhavindayal@vasa.com
6.5418E+11,Ivana Rajan,12-10-1973,Female,Dhanbad,Assam,4646662564,kuruvillajayesh@gmail.com
3.19331E+11,Bhavin Raman,07-01-2000,Other,Panvel,Mizoram,6716419598,hgaba@hotmail.com
9.89003E+11,Zoya Guha,02-04-1977,Male,Kollam,Mizoram,4948102329,zjani@saini.org
2.47669E+11,Advik Shankar,31-08-1942,Male,Shimoga,Goa,9.11456E+11,gdani@gmail.com
28060056754,Mamooty Rama,03-11-1959,Other,Chennai,Maharashtra,3665205236,deviojas@gmail.com
7.12913E+11,Azad Chada,29-02-1952,Male,Kulti,Andhra Pradesh,9.19325E+11,akhosla@kakar.com
5.3027E+11,Taimur Comar,18-07-1992,Other,Gangtok,Chhattisgarh,7244567041,hayrehansh@dixit.com
3.85388E+11,Jiya Grewal,26-03-1925,Other,Pimpri-Chinchwad,Uttarakhand,9.15145E+11,ahana-20@yahoo.com
6.16301E+11,Krish Som,27-02-1923,Female,Agra,Goa,7638382374,bhargavaelakshi@goel.com
14914635006,Lakshit Agrawal,11-03-1927,Other,Guntur,Chhattisgarh,9.14445E+11,himmatchokshi@hotmail.com
5.67454E+11,Vidur Dhingra,16-02-1960,Female,Bhusawal,Telangana,9.17009E+11,anvi06@gmail.com
1.1256E+11,Dharmajan Kibe,11-02-2007,Female,Fatehpur,Telangana,9138603852,nityaahuja@ramanathan.com
4.06894E+11,Hansh Borra,05-02-1924,Other,Ghaziabad,Maharashtra,9.16171E+11,zachariahchirag@gmail.com
7.92316E+11,Yasmin Solanki,25-07-2022,Other,Salem,Bihar,2622008739,ebarad@yahoo.com
8.34681E+11,Umang Rajan,16-10-1939,Female,Panchkula,Rajasthan,9556623518,kwadhwa@hotmail.com
3.16017E+11,Indrans Kata,26-06-1979,Other,Nadiad,Rajasthan,7082615493,nakulsem@basu-ravel.com
5.04162E+11,Emir Goyal,23-06-1934,Male,Adoni,Sikkim,4154491409,devansh07@yahoo.com
50664682860,Zain Randhawa,27-03-1929,Male,Avadi,Rajasthan,9.1557E+11,froy@hotmail.com
5.55879E+11,Alia Soni,11-12-1983,Female,Gopalpur,Rajasthan,1901731311,saksham31@kar-uppal.com
3.54615E+11,Umang Malhotra,18-02-2008,Male,Purnia,Tamil Nadu,9.15412E+11,navya71@gmail.com
7.57765E+11,Saanvi Bhakta,31-10-1955,Female,Shivpuri,Uttar Pradesh,4817791696,yshankar@gmail.com
6.27129E+11,Nirvi Yogi,03-06-1926,Other,Darbhanga,Gujarat,4752131034,nishithchatterjee@yahoo.com
4.85576E+11,Neelofar Wali,10-02-1939,Other,Madurai,Maharashtra,9.17305E+11,lagan21@behl-bajwa.com
29050413247,Kanav Shan,16-06-1996,Male,Ramagundam,Goa,2243484368,mannriya@chatterjee.biz
2.34876E+11,Trisha Sule,02-10-2019,Female,Silchar,Odisha,7063909130,jivin43@hotmail.com
1.04659E+11,Romil Wali,28-03-1948,Female,Tiruvottiyur,Mizoram,5179829509,dharuthkarsh@gmail.com
4.63286E+11,Nakul Wali,22-09-2023,Female,Tinsukia,Mizoram,8082101515,basakbhamini@gmail.com
3.78703E+11,Bhamini Dutt,23-07-1954,Female,Kakinada,Nagaland,3280567669,llata@kibe.com
2.49301E+11,Biju Tiwari,08-06-1951,Male,Nizamabad,Rajasthan,1635047751,bavaprisha@yahoo.com
43614661802,Ivana Jha,15-09-1982,Male,Davanagere,Kerala,9.10582E+11,ramachandranpriyansh@butala.net
7.95252E+11,Tiya Khanna,04-05-2005,Female,Allahabad,Odisha,9.16945E+11,savanttrisha@sahota.info
8.83708E+11,Rohan Mahal,15-10-1935,Female,Dindigul,Tamil Nadu,1494155592,gatik47@gmail.com
7.58439E+11,Manjari Dora,28-09-1945,Other,Erode,Maharashtra,9.1214E+11,hsheth@balasubramanian.com
9.54787E+11,Shaan Khosla,19-08-1959,Male,Bellary,Sikkim,2955979387,xiyengar@ahluwalia-dutt.com
4.08018E+11,Anika Sem,18-04-1979,Other,Ballia,Meghalaya,9.19804E+11,kalalagan@manda.com
7.87247E+11,Jayesh De,10-05-1998,Male,Guntur,Assam,9.16946E+11,kjayaraman@gmail.com
5.62924E+11,Divij Soman,13-08-1935,Male,Sikar,Nagaland,9.1592E+11,inaaya-kurian@behl.com
5.47816E+11,Rohan Borra,11-01-2021,Other,Ghaziabad,Mizoram,9.10854E+11,uborde@hotmail.com
7.41418E+11,Shamik Rastogi,24-03-2000,Female,Kharagpur,Uttar Pradesh,4634475634,surahiran@hotmail.com
2.46702E+11,Aarna Basak,29-06-1930,Other,Khandwa,Arunachal Pradesh,9.11712E+11,ehsaanloyal@shenoy.biz
6.73568E+11,Raunak Gera,19-02-2023,Other,Adoni,Madhya Pradesh,9.13397E+11,jivin75@karpe-setty.com
764727927,Ranbir Upadhyay,28-02-1944,Female,Berhampore,Mizoram,707700267,manikyaahuja@kohli-vyas.info
8.7634E+11,Vivaan Atwal,22-10-1964,Female,Coimbatore,Gujarat,9.128E+11,ratirout@yahoo.com
1.63633E+11,Sumer Randhawa,14-10-2019,Male,Mehsana,Himachal Pradesh,9092596463,sarnadrishya@gmail.com
4.10843E+11,Sahil Thaker,07-02-1932,Other,Bhavnagar,Bihar,9288115629,mammenaaryahi@gmail.com
3.06449E+11,Indranil Kala,23-10-1977,Male,Nagpur,Karnataka,4255425168,issacmiraan@hotmail.com
1.42886E+11,Baiju Bains,16-09-1927,Male,Ulhasnagar,Jharkhand,2105087267,alia48@gmail.com
2.85546E+11,Divit Karnik,17-02-2017,Female,Madurai,Maharashtra,9.13557E+11,bbhargava@gmail.com
8.1017E+11,Reyansh Seth,28-07-1927,Other,Phusro,Mizoram,9.19539E+11,dubeshanaya@srinivasan-yadav.com
8.46962E+11,Yuvaan Kibe,03-07-2021,Male,Lucknow,Meghalaya,8065958336,sahnigokul@gmail.com
7.37584E+11,Chirag Kant,01-01-1936,Female,Chittoor,Madhya Pradesh,9.13649E+11,rmand@yahoo.com
3.65111E+11,Miraan Varghese,27-09-2015,Male,Hapur,Arunachal Pradesh,9.1265E+11,vanyabajaj@sarkar.com
1.83031E+11,Saira Chakraborty,01-08-1933,Male,Visakhapatnam,Manipur,5747290069,shamik50@gmail.com
2.08195E+11,Mohanlal Gera,03-01-1978,Male,Jhansi,Sikkim,5816940682,nirvimahajan@das-sachdeva.com
39824317718,Hansh Sachdev,09-04-1965,Female,Jalna,Tripura,5901904227,senindrajit@hotmail.com
4.67111E+11,Jayesh Dada,18-12-1957,Female,Ujjain,Chhattisgarh,3738150097,manjari35@mander.com
5.6968E+11,Kartik Dayal,05-09-2006,Other,Dehri,Maharashtra,5773529745,navyasarraf@thakkar-shanker.com
4.11579E+11,Ivan Sha,13-03-1955,Male,Miryalaguda,Himachal Pradesh,6877968527,balakrishnananya@hotmail.com
5.92918E+11,Pranay Barman,23-09-1987,Male,Varanasi,Haryana,9251432424,wmann@sawhney.net
1.00705E+11,Divit Roy,31-07-2003,Female,Miryalaguda,Gujarat,1330972483,ranbir75@gmail.com
3.97311E+11,Azad Sridhar,20-07-2021,Male,South Dumdum,Madhya Pradesh,9779018870,priyansh25@chaudhary.com
2.816E+11,Reyansh Halder,28-07-1964,Male,Katni,West Bengal,1677742409,dhanukchaudhry@yahoo.com
7.74521E+11,Manikya Ganesh,26-08-1978,Male,Jhansi,Uttarakhand,7075823880,reyanshkhare@yahoo.com
7.63093E+11,Ojas Rajan,28-02-1971,Male,Bhiwani,Jharkhand,6384485785,indransbawa@dara.com
9.92806E+11,Onkar Bandi,24-03-1932,Male,Bhimavaram,Tripura,8023241496,kandatiya@yahoo.com
3.75655E+11,Eva Bal,20-04-2001,Other,Anand,Tripura,4336924158,taimur29@gmail.com
4.43494E+11,Advik Tak,27-07-1963,Male,Sangli-Miraj & Kupwad,Tripura,9.18211E+11,shraygala@balakrishnan.com
4.70226E+11,Anika Maharaj,15-03-2012,Other,Bharatpur,Punjab,4491128363,alishamaharaj@yahoo.com
7.76486E+11,Jayant Gupta,19-07-1983,Female,Madanapalle,Kerala,9.10442E+11,drishyawagle@hotmail.com
7.91034E+11,Mamooty Setty,14-08-1950,Female,Bhiwandi,Bihar,4687588426,singhrenee@wason.net
1.60133E+11,Anaya Dhillon,08-08-1999,Other,Jalna,Tamil Nadu,3924903177,yakshit73@wali.com
8.41404E+11,Lavanya Sangha,15-05-1956,Other,Malda,West Bengal,9.11389E+11,badal88@yahoo.com
5.03092E+11,Arnav Bora,17-05-1977,Female,Patiala,Madhya Pradesh,1630363138,renee12@hayre.com
7.37808E+11,Keya Choudhry,18-07-2003,Male,Ghaziabad,Andhra Pradesh,4004992900,chiragdada@gmail.com
5.17256E+11,Yasmin Brar,15-05-2011,Other,Gandhidham,Assam,8619980450,ogaba@kadakia.com
6.91531E+11,Vardaniya Shah,06-04-2010,Other,Rampur,Jharkhand,8652071021,sdora@yahoo.com
1.03316E+11,Nirvaan Guha,25-09-2023,Other,Ghaziabad,Punjab,8646337808,shlokseshadri@gmail.com
8.07102E+11,Tiya Kari,04-09-2003,Male,Kishanganj,Maharashtra,4055952888,aarnaacharya@hotmail.com
9.90528E+11,Tejas Shroff,15-08-2015,Male,Srinagar,Kerala,2949557591,tmaharaj@kota-chandran.com
5.51408E+11,Biju Vig,07-04-1948,Female,Moradabad,Tamil Nadu,9.18936E+11,yuvraj-65@goda.net
8.92767E+11,Aniruddh Sawhney,10-05-2006,Other,Khammam,Nagaland,7534178111,yasmin90@krishnan.net
7.46916E+11,Jayan Sodhi,13-06-1965,Other,Ghaziabad,Goa,4388336123,agandhi@hotmail.com
8.05459E+11,Jivin Gupta,19-05-1953,Male,Bhubaneswar,Sikkim,4374918678,vivaandyal@hotmail.com
3.3708E+11,Suhana Garde,09-05-1931,Female,Mangalore,Andhra Pradesh,188721482,zain31@hotmail.com
6.59206E+11,Tarini Kota,30-11-1943,Male,Kadapa,Mizoram,9.19011E+11,rattadarshit@yahoo.com
3.49381E+11,Miraan Chokshi,12-10-1968,Male,Gandhidham,Andhra Pradesh,7732545957,bhasinnirvaan@cherian.com
1.26693E+11,Vritika Chaudhry,25-06-1972,Female,Sambalpur,Chhattisgarh,630108574,daveyuvraj@hotmail.com
8.06129E+11,Saanvi Varughese,25-01-2011,Female,Ahmednagar,Kerala,3379695351,ivan80@yahoo.com
3.09745E+11,Umang Sankaran,17-02-1937,Other,Berhampur,Andhra Pradesh,7976694425,mishasood@yahoo.com
4.80855E+11,Diya Ganesh,14-01-1967,Male,Tumkur,Jharkhand,9831976236,golakashvi@sinha.com
7.66435E+11,Raunak Bora,08-11-1966,Other,Panvel,Jharkhand,9.17106E+11,anvi32@gmail.com
4.85539E+11,Anya Kalita,20-04-1996,Female,Gopalpur,West Bengal,9.161E+11,ydutt@yahoo.com
1.29781E+11,Navya Sarraf,02-03-1997,Male,Gangtok,Sikkim,175291269,lsha@manne.com
9.47863E+11,Navya Agrawal,28-09-1996,Female,Ghaziabad,Haryana,9.13447E+11,yohannandhanuk@sekhon.net
3.18157E+11,Divit Sethi,03-01-2017,Other,Raebareli,Arunachal Pradesh,3124753033,bainsela@hotmail.com
7.29232E+11,Miraan Vohra,14-06-1984,Female,Nanded,Tripura,96958665,lshere@kara.net
6.34099E+11,Drishya Raman,29-12-1952,Male,Sonipat,Karnataka,5643314276,kavyalalla@gmail.com
7.59569E+11,Mohanlal Jhaveri,22-09-1930,Other,Coimbatore,Maharashtra,5944268376,vsarraf@chahal-chaudhuri.net
6.19858E+11,Anahi Chauhan,06-08-1926,Other,North Dumdum,Uttarakhand,9.14721E+11,taimur76@hotmail.com
6.93098E+11,Baiju Loke,21-01-1955,Female,Indore,Tripura,9.142E+11,hkorpal@yahoo.com
1.51975E+11,Krish Loke,18-11-1936,Female,Jamnagar,Karnataka,9.18167E+11,frao@hotmail.com
5.69056E+11,Lakshit Deo,28-08-1950,Male,Udupi,Madhya Pradesh,625017908,eshani29@seshadri-kunda.com
1.41075E+11,Dhanush Sule,22-08-1978,Male,Aurangabad,Mizoram,1929444040,manikyaravel@chandran-chakraborty.net
5.65163E+11,Aarush Rattan,26-09-1937,Female,Unnao,Tamil Nadu,9113374098,aniruddh45@hotmail.com
5.2824E+11,Taran Venkataraman,01-11-2010,Other,Ambattur,Jharkhand,183032782,sahilsangha@andra-chatterjee.com
1.15501E+11,Bhamini Dar,10-02-1977,Male,Kolhapur,Tripura,8691026338,grewalamira@kuruvilla-bala.com
4.58531E+11,Aayush Sarin,27-01-1954,Female,Sagar,Sikkim,4476610945,deshpandedevansh@rajagopalan.com
3.10371E+11,Krish Dua,24-05-1948,Other,Raiganj,Nagaland,4468019905,ratisetty@wali.org
4.34486E+11,Yuvaan Kant,02-01-1958,Male,Deoghar,Meghalaya,9.15472E+11,chiragsaraf@hotmail.com
8.10106E+11,Lakshit Barad,22-07-1931,Female,Jamshedpur,Himachal Pradesh,1042209024,kotabhavin@hotmail.com
8.65421E+11,Nishith Magar,15-05-1991,Female,Vasai-Virar,Haryana,6433288673,nsharma@yahoo.com
4.35428E+11,Jiya Sanghvi,29-07-2008,Male,Saharsa,Manipur,9.15071E+11,rasha60@gmail.com
9.39745E+11,Ivan Kohli,24-11-1985,Female,Kavali,Nagaland,9.11222E+11,bahrijhanvi@ramesh.com
2.2837E+11,Uthkarsh Shanker,28-09-2018,Female,Cuttack,Chhattisgarh,5457486035,samarthsheth@gmail.com
5.78727E+11,Charvi Sundaram,03-06-2016,Other,Durg,Assam,9173439430,prisha82@rajagopal-khosla.com
9.36821E+11,Samarth Jayaraman,12-01-1934,Female,Nagpur,Nagaland,9064782620,wsachdev@hotmail.com
7.14197E+11,Gatik Bawa,26-09-1996,Male,Kottayam,Gujarat,9.10549E+11,asrivastava@raval-barman.com
4.55336E+11,Yuvraj  Shere,08-03-1938,Other,Aurangabad,Haryana,3416384590,faiyazmangal@yahoo.com
5.32242E+11,Suhana Chopra,28-01-1985,Female,Guntakal,Uttarakhand,4996475768,kavya61@gmail.com
6.27296E+11,Piya Khosla,09-08-1996,Male,Tumkur,Himachal Pradesh,9.19067E+11,divittata@gmail.com
6.37674E+11,Saira Mander,25-07-1950,Other,Gangtok,Haryana,9.14449E+11,balasaira@yahoo.com
7.79239E+11,Yashvi Walla,24-12-1943,Male,Bhavnagar,Assam,2788833303,chandravihaan@gmail.com
8.29229E+11,Kiara Grover,27-09-1934,Other,Ramgarh,Uttarakhand,9.16057E+11,agoyal@ramanathan.org
5.05351E+11,Nakul Dash,03-12-1941,Female,Panchkula,Bihar,5906101341,yakshitagrawal@upadhyay.com
3.85046E+11,Gatik Dara,28-02-1939,Female,Miryalaguda,Haryana,292022156,tripathinavya@baral.info
74430183138,Romil Sundaram,21-03-1933,Female,Durgapur,Andhra Pradesh,9.10433E+11,ela47@srinivasan.info
8.21925E+11,Keya Sinha,06-11-1927,Male,Yamunanagar,Chhattisgarh,5555222025,suhanasuri@salvi.net
6.77787E+11,Shlok Yadav,10-07-2023,Male,Hazaribagh,Karnataka,9.15638E+11,xdugal@gmail.com
1.91173E+11,Devansh Deep,05-01-1964,Female,Rewa,Kerala,9.10028E+11,thamanabram@badami.com
5.47484E+11,Aarav Basak,23-02-1959,Female,Ambattur,Nagaland,8521180428,qsachdeva@karpe-hayer.com
8.29068E+11,Shayak Dada,24-10-1994,Female,Patna,Assam,4935789777,jayan88@bajaj.com
31813115075,Samaira Apte,08-11-1935,Male,Sirsa,Odisha,9.14303E+11,aayushsahota@srinivasan-kohli.biz
8.65186E+11,Mahika Vaidya,22-11-1995,Other,Siwan,Tripura,9.12385E+11,krish02@bhatia.com
4.48605E+11,Krish Tandon,23-07-1947,Other,Warangal,Tamil Nadu,9279585257,phayer@yahoo.com
7.4352E+11,Hazel Tripathi,15-04-1991,Other,Yamunanagar,Nagaland,6615026740,nshetty@sarna.net
2.01071E+11,Manikya Balasubramanian,28-07-1998,Male,Eluru,Tamil Nadu,5900961036,myrakumar@yahoo.com
9.59991E+11,Pihu Dass,23-11-2005,Other,Tadipatri,Sikkim,9.14425E+11,priyansh57@yahoo.com
7.55534E+11,Samar Ravel,18-04-2010,Female,Jhansi,Manipur,1194781810,jivin55@gmail.com
9.06998E+11,Badal Kakar,11-09-1953,Male,Madanapalle,Assam,9.16632E+11,yohannanpari@behl-mane.biz
7.40332E+11,Ritvik Chakrabarti,03-10-1935,Female,Machilipatnam,Uttarakhand,2635579792,pihusahota@yahoo.com
9.51311E+11,Mehul Mani,14-05-1928,Other,Vasai-Virar,Tamil Nadu,6743154040,jivin36@yahoo.com
6.45132E+11,Taimur Devi,05-04-1977,Male,Anantapur,Karnataka,852760757,nreddy@bhat.com
8.43316E+11,Ranbir Ramaswamy,11-10-1956,Female,Bareilly,Tripura,6608862436,vidurganguly@ganesan-varughese.org
7.33931E+11,Riaan Korpal,26-03-1978,Other,Haldia,Manipur,3696717876,anahita72@yahoo.com
5.76144E+11,Ishaan Basu,06-10-1986,Other,Khora ,Kerala,9.13466E+11,ayesha47@chana.com
4.06511E+11,Charvi Mani,22-05-1958,Other,Davanagere,Madhya Pradesh,9.17266E+11,baiju21@yahoo.com
3.08946E+11,Miraan Halder,07-10-1937,Other,Adoni,Nagaland,1924157875,lchaudhry@sinha-sethi.com
4.37905E+11,Kavya Deol,04-12-1951,Other,Firozabad,Arunachal Pradesh,299954583,iravel@gmail.com
3.81735E+11,Azad Kar,15-08-1941,Male,Sirsa,Goa,9.18466E+11,nirvijhaveri@yahoo.com
8.93065E+11,Tara Rau,07-02-2000,Other,Ichalkaranji,Mizoram,9.17361E+11,mamooty24@vyas-sehgal.com
1.16019E+11,Kartik Varma,10-10-1934,Other,Jorhat,Rajasthan,3292425360,waliadvika@raval.net
4.90459E+11,Heer Choudhry,13-04-1928,Other,Gurgaon,Mizoram,9.14017E+11,sankarmamooty@gmail.com
9.7565E+11,Tushar Tank,02-07-1932,Male,Sagar,Tripura,8847397645,vanyaravi@gmail.com
6.04271E+11,Saira Edwin,16-11-1947,Female,Raurkela Industrial Township,Assam,325090525,jivinrandhawa@hotmail.com
7.85968E+11,Vidur Kibe,25-05-1966,Female,Sambalpur,Karnataka,1761828754,msani@hotmail.com
2701356103,Myra Som,06-07-1938,Male,Bulandshahr,Madhya Pradesh,9.15291E+11,tarinidada@jha-khalsa.net
4.30621E+11,Farhan Bobal,30-11-1991,Female,Khammam,Uttarakhand,9.17122E+11,bhattidrishya@suri.com
9.56819E+11,Azad Ganesan,22-12-1949,Female,Bikaner,Uttarakhand,3726828934,agateshayak@hotmail.com
3.13067E+11,Vivaan Srinivas,29-01-1950,Female,Akola,Madhya Pradesh,8530017508,zsheth@jain.com
8.0187E+11,Kimaya Sahni,19-01-1931,Other,Bikaner,Andhra Pradesh,4766805541,anaya33@yahoo.com
6.54213E+11,Ira Kant,16-06-1995,Male,Thoothukudi,Kerala,2672629736,divyanshchoudhary@hotmail.com
55741655227,Madhup Doctor,21-02-2009,Other,Nagercoil,Himachal Pradesh,5767742572,neelofar31@gmail.com
8.9018E+11,Ishaan Borde,11-04-2016,Other,Bikaner,West Bengal,9.15982E+11,rashasuresh@gmail.com
8.17871E+11,Aaryahi Amble,18-11-1964,Female,Vadodara,Kerala,6337505414,qarora@yahoo.com
8.2079E+11,Mannat Rastogi,17-05-1930,Male,Mathura,Telangana,9.15214E+11,lbera@hotmail.com
9.66846E+11,Pranay Sinha,09-07-1960,Female,Hajipur,Jharkhand,9519746389,sahil23@gmail.com
5.93377E+11,Aarav Bora,27-04-1925,Other,Salem,Uttar Pradesh,4113188011,tanejavihaan@bala-ranganathan.org
3.38784E+11,Sumer Zachariah,15-12-1983,Male,Hapur,Assam,8313695745,rameshrania@hotmail.com
8.91879E+11,Hrishita Cheema,17-01-1976,Other,Bikaner,Manipur,4110892344,routhiran@basak.com
16489800773,Anika Lata,03-08-1955,Male,Ongole,Chhattisgarh,9.12245E+11,stuvan15@khosla-magar.com
7.72944E+11,Aniruddh Mani,22-08-1975,Female,Bilaspur,Tamil Nadu,675878547,yakshit67@iyer.com
5.22679E+11,Kiara Kulkarni,24-03-1993,Other,Bilaspur,Meghalaya,3050219732,zeeshan36@yahoo.com
2.64282E+11,Yashvi Gera,06-06-1984,Female,Rajkot,Assam,8818742410,warriorparinaaz@dhillon.com
74541332583,Adira Dar,23-02-2006,Female,Agartala,Uttarakhand,4137226408,bchacko@karpe.com
1.09146E+11,Hiran Raj,26-12-1927,Female,Mira-Bhayandar,Jharkhand,9.13312E+11,balakrishnansamarth@gmail.com
7.17518E+11,Navya Bains,07-05-2007,Other,Saharsa,Odisha,4419633399,emir17@gmail.com
6.98219E+11,Faiyaz Agate,06-07-1929,Male,Orai,Jharkhand,2700237272,jsarkar@gmail.com
1.67505E+11,Mannat Mall,23-01-2000,Other,Kirari Suleman Nagar,Madhya Pradesh,9.13293E+11,chaudhryshaan@gmail.com
4.89279E+11,Jiya Baria,10-04-1929,Male,Machilipatnam,Himachal Pradesh,5838531051,ibalay@gmail.com
6.67768E+11,Hridaan Lal,05-02-1954,Male,Munger,Assam,9.14811E+11,amiradhawan@hotmail.com
1.6234E+11,Shamik Mahal,18-06-1965,Female,Kavali,Bihar,6753020610,ahujaaarav@yahoo.com
5.84121E+11,Rati Hegde,03-11-1969,Female,Ambarnath,Karnataka,9.19146E+11,kabir89@gmail.com
7.68672E+11,Kismat Kuruvilla,02-11-2004,Other,South Dumdum,Assam,9.1807E+11,lakshay19@hotmail.com
7.85702E+11,Mahika Sathe,06-05-1923,Male,Farrukhabad,Arunachal Pradesh,2094940962,miraya98@sastry.net
1.43602E+11,Misha Kaur,12-12-1971,Male,Tiruchirappalli,Uttarakhand,5261913692,hrishitadevan@yahoo.com
2.55661E+11,Aayush Deep,27-04-1989,Other,Bangalore,Haryana,9.1352E+11,ravishray@gmail.com
9.43971E+11,Biju Sarraf,14-05-2023,Female,Ratlam,Manipur,4877707867,piya20@yahoo.com
64925537644,Ranbir Dalal,14-01-1940,Female,Naihati,Tamil Nadu,4839134390,indrajitsom@hotmail.com
6.65613E+11,Mohanlal Srinivasan,25-03-1990,Other,Belgaum,Jharkhand,9.18243E+11,armaanvenkatesh@bakshi.com
4.92872E+11,Dharmajan Mallick,10-12-1946,Female,Tezpur,Maharashtra,4432124135,fsharma@gmail.com
6.78194E+11,Arhaan Ghose,30-03-2012,Male,Mumbai,Telangana,9.19199E+11,nishith28@yahoo.com
31989445485,Aradhya Borah,05-03-1936,Male,Mathura,Rajasthan,9210215596,vanya77@yahoo.com
8.608E+11,Mamooty Sampath,23-03-2003,Female,Tezpur,Nagaland,9.13517E+11,aaryahi53@gmail.com
4.06179E+11,Ranbir Ghose,06-11-1971,Female,Miryalaguda,Jharkhand,8234678287,saxenasana@iyer-gandhi.com
8.03431E+11,Parinaaz Chander,12-10-2019,Female,Belgaum,Haryana,8282526178,gmaharaj@gmail.com
9.09989E+11,Saksham Ganguly,28-12-1947,Male,Ludhiana,Himachal Pradesh,9.19426E+11,chowdhuryuthkarsh@yahoo.com
9.06792E+11,Piya Goswami,31-05-2003,Other,Bhopal,Tripura,9774167987,kashvi32@dewan.net
8.47222E+11,Vivaan Agate,15-08-1942,Male,Amaravati,West Bengal,6825586743,bahrinirvaan@hotmail.com
3.58411E+11,Nayantara Shroff,20-08-1931,Female,Miryalaguda,Assam,7309657545,shaharhaan@maharaj.com
3.73281E+11,Romil Dugar,12-03-1932,Male,Ranchi,Tamil Nadu,2465624217,emaharaj@andra.com
5.2778E+11,Nirvi Seth,08-08-1928,Other,Khandwa,Manipur,1740319699,singhalbhamini@varkey.com
6.58841E+11,Oorja Gandhi,21-06-1973,Female,Bhagalpur,Mizoram,9209124138,lagan22@yahoo.com
9.0689E+11,Charvi Chadha,19-04-1946,Male,Bhiwandi,Jharkhand,394412614,jgandhi@yahoo.com
5.9163E+11,Yasmin Hari,28-07-1965,Female,Orai,Karnataka,4720619457,bganesh@hotmail.com
9.55338E+11,Krish Bajaj,19-11-2001,Male,Bhalswa Jahangir Pur,Bihar,9.17552E+11,onkarbrar@gmail.com
5.45199E+11,Kanav Kari,09-05-1926,Other,Bareilly,Nagaland,8829524934,kabir18@gmail.com
3.88373E+11,Jiya Singhal,29-07-2013,Male,Tenali,Uttarakhand,38613973,boaselagan@gmail.com
6.10779E+11,Ishaan Bains,05-04-1964,Female,Kulti,Haryana,9.15727E+11,reyanshbalasubramanian@swaminathan-sathe.org
3.87833E+11,Zoya Dash,02-08-1934,Female,Visakhapatnam,Maharashtra,1982145185,aayushkamdar@mani.com
4.83743E+11,Ishaan Soni,04-05-1943,Male,Durgapur,Nagaland,7557606192,skulkarni@ramesh.com
1.90767E+11,Rasha Dash,11-09-2008,Male,Udupi,Uttar Pradesh,6271792434,neysa71@hotmail.com
8.16576E+11,Divit Lalla,01-01-1994,Male,Saharanpur,Arunachal Pradesh,4904862715,hirankapadia@kalla-sidhu.com
1.26508E+11,Madhup Kalita,17-05-2015,Female,Bongaigaon,Rajasthan,3646596813,zbiswas@varughese.com
5.50555E+11,Rhea Chokshi,22-02-1949,Other,Srikakulam,Assam,9.1143E+11,valadevansh@gmail.com
3.80468E+11,Gatik Gokhale,07-10-1989,Other,Kumbakonam,Goa,9519509109,miraya57@boase.net
9.86656E+11,Amani Maharaj,18-08-1965,Other,Kavali,Jharkhand,7107565014,daminiagate@gmail.com
5.65569E+11,Zeeshan Bhakta,04-10-1966,Male,Chinsurah,Uttar Pradesh,1773047676,miraan82@hotmail.com
8.18284E+11,Ivan Gade,24-08-1929,Female,Amravati,Chhattisgarh,9.16198E+11,ivan91@chahal-bhatia.biz
2.95336E+11,Taran Sha,25-10-1987,Male,Rewa,Uttar Pradesh,7589304942,kataayesha@rajan.biz
8.17459E+11,Shlok Handa,22-06-2014,Male,Saharanpur,West Bengal,72719168,tray@hotmail.com
7.13643E+11,Faiyaz Singh,26-03-1994,Male,Kolhapur,Meghalaya,7719443676,bvarghese@gill-handa.biz
8.52828E+11,Kiaan Sankar,01-07-1986,Female,Shimla,Maharashtra,9.15365E+11,hkeer@gmail.com
7.29015E+11,Bhavin Kalla,06-01-1924,Female,Bangalore,Punjab,5073384045,jayant47@lad-balan.com
7.13327E+11,Shaan Shukla,07-02-1972,Male,Dehri,Mizoram,6782436457,faiyaz03@yahoo.com
5.45699E+11,Neelofar Buch,25-03-1948,Female,Alwar,Manipur,9.10669E+11,shettyakarsh@hotmail.com
3.89362E+11,Vidur Kapoor,02-02-1925,Female,Lucknow,Gujarat,9.19741E+11,divansaira@yahoo.com
9.21255E+11,Anaya Chakrabarti,05-06-1946,Female,Adoni,Karnataka,8836913107,kairajoshi@yahoo.com
9.85174E+11,Dhanuk Chaudhary,05-03-2010,Other,Sri Ganganagar,West Bengal,8178687910,esekhon@mani.net
6.00445E+11,Kiara Bala,12-06-1974,Other,Kottayam,Jharkhand,9902813603,fsoman@sekhon.net
9.99785E+11,Kashvi Sahota,25-03-1970,Other,Siliguri,Meghalaya,3456748416,ojas87@taneja.net
6.49813E+11,Prerak Bhatt,08-08-1929,Other,Panipat,Himachal Pradesh,9.10308E+11,sara93@hotmail.com
3.2653E+11,Jivin Subramanian,09-06-1959,Female,Mirzapur,Tripura,7624252697,shray57@dani.net
8.95801E+11,Advika Yadav,18-04-2014,Female,Aligarh,Uttarakhand,9955087400,indranilkala@gmail.com
1.06072E+11,Damini Zachariah,09-08-1923,Female,Begusarai,Punjab,9272522640,usibal@gmail.com
3.17056E+11,Khushi Dass,17-09-1959,Female,Kakinada,Kerala,1391968941,kavya91@hotmail.com
2.54994E+11,Nitara Banik,05-11-1946,Female,Shahjahanpur,Uttarakhand,1399854077,zbalan@hotmail.com
3.23793E+11,Kaira Solanki,31-12-2021,Other,Varanasi,Kerala,2392133909,vartygokul@yahoo.com
2.13E+11,Adah Samra,12-03-2012,Male,Medininagar,Nagaland,1949356897,suraaaryahi@ranganathan-manda.com
6.77379E+11,Dishani Kumar,26-06-1992,Other,Pudukkottai,Jharkhand,4867018626,khatrimyra@gmail.com
2.78481E+11,Alia Kara,09-12-1967,Female,Ballia,Goa,3339131319,barmansamiha@chaudhry.org
29990492997,Darshit Sunder,03-11-1971,Other,Jamshedpur,Uttarakhand,7193412234,nayantara25@borde.com
21511416842,Yasmin Baria,17-02-1995,Female,Pimpri-Chinchwad,Maharashtra,9594793340,reneekar@hotmail.com
1.66667E+11,Biju Grover,18-07-1981,Male,Munger,Tripura,9.13674E+11,gokulkale@hotmail.com
1.12167E+11,Biju Suri,27-12-1976,Male,Parbhani,Nagaland,4573779948,sahilbhardwaj@biswas-choudhury.com
8.43094E+11,Jivika Bath,09-11-2023,Male,Gwalior,Manipur,2546913036,amani32@mahajan.com
6.53438E+11,Amani Barad,07-11-2007,Female,Mahbubnagar,Odisha,9.15017E+11,rhea68@hotmail.com
7.13284E+11,Shanaya Dhar,05-05-1993,Female,Orai,Chhattisgarh,9.14283E+11,fmangat@guha.org
2.11331E+11,Siya Kara,30-10-1925,Male,Pali,Jharkhand,9.1099E+11,sakshamkhare@yahoo.com
5.59361E+11,Raghav Sachdev,26-07-1945,Other,Maheshtala,Uttar Pradesh,9156423409,xbawa@hotmail.com
7.47775E+11,Keya Mani,14-02-2013,Male,Surat,Gujarat,8432789191,inaaya-87@bhandari.com
2.33106E+11,Indrans Dhingra,10-06-1979,Other,Haldia,Maharashtra,5111947015,hmand@gmail.com
2.88697E+11,Onkar Hayre,27-02-1941,Male,Chandrapur,Arunachal Pradesh,9.17858E+11,xvala@hotmail.com
5.97047E+11,Prisha Salvi,13-01-1995,Female,Kadapa,Maharashtra,9.13993E+11,dharmajan81@hotmail.com
7.75176E+11,Ahana  Manne,21-09-1984,Male,Karnal,Maharashtra,1102554881,mahajankeya@gmail.com
8.62255E+11,Tiya Ghose,20-05-2004,Female,Nagercoil,Jharkhand,9.11039E+11,qkumer@hotmail.com
5.83344E+11,Khushi Goswami,23-10-1996,Female,Amravati,Nagaland,4390621421,reneeganguly@walia-mahajan.com
8.83284E+11,Indranil Dhar,10-08-1974,Female,Sagar,Tripura,9707923100,raniadey@karan.com
4.41589E+11,Jayan Khatri,11-05-1938,Other,Adoni,Uttarakhand,9255014317,xbhatia@hotmail.com
3.50847E+11,Zain Kala,17-05-1943,Other,Bathinda,Uttarakhand,9.1937E+11,sharafnayantara@gmail.com
7.65794E+11,Rati Ramaswamy,13-07-2023,Male,Buxar,Tripura,2558586434,sodhirasha@gmail.com
5.93764E+11,Akarsh Butala,26-07-1973,Male,Siwan,Gujarat,2059019336,sarmayuvraj@gmail.com
5.92633E+11,Nirvaan Gera,24-03-2003,Other,Chandigarh,West Bengal,5275369336,okumer@gmail.com
9.30965E+11,Umang Chakraborty,30-03-1981,Other,New Delhi,Punjab,9.11504E+11,qbatta@virk-barman.com
7.17493E+11,Indrans Lal,16-11-2011,Male,Mangalore,Assam,9.13307E+11,samarthraju@gmail.com
1.62133E+11,Sahil Mander,26-12-2009,Male,Ratlam,Manipur,4200202802,yashvimane@hotmail.com
73278872929,Madhup Dube,25-12-2008,Other,Shimla,Himachal Pradesh,8145869401,nirvi24@golla-malhotra.net
9.81485E+11,Azad Bhakta,10-11-1985,Male,Guna,Chhattisgarh,8212617615,dishani79@gmail.com
4.1942E+11,Raghav Comar,18-03-2000,Other,Belgaum,Himachal Pradesh,973329630,sahnialisha@gmail.com
5.89729E+11,Azad Khare,15-09-1980,Male,Sirsa,Manipur,9.15569E+11,jbhatia@amble.com
4.22449E+11,Divyansh Seshadri,20-05-1962,Other,Shimla,Telangana,9.17647E+11,mehultaneja@amble.info
8.13644E+11,Manjari Kale,11-12-1955,Female,Muzaffarpur,Tripura,3094778719,wagleadah@hotmail.com
3.10828E+11,Fateh Vasa,26-07-1945,Other,Visakhapatnam,Rajasthan,7757816308,aayush57@hotmail.com
3.98023E+11,Shamik Dugar,19-01-1942,Male,Katihar,Mizoram,5589944946,uchander@chaudry.biz
1.48352E+11,Emir Chada,05-10-1929,Other,Hospet,Uttarakhand,4651456591,divit29@gera.org
7.89914E+11,Manikya Dave,11-02-2012,Female,Pallavaram,Uttarakhand,9.19719E+11,ltripathi@yahoo.com
6.31589E+11,Bhavin Agate,05-01-2013,Male,Jaunpur,Maharashtra,9.19853E+11,sankarnayantara@hotmail.com
88788958984,Tarini Sarraf,28-12-1962,Female,Tiruvottiyur,Madhya Pradesh,9.17024E+11,jhazain@hotmail.com
9.21727E+11,Ryan Grover,20-11-1946,Male,Sri Ganganagar,Rajasthan,7888899038,devanshguha@yahoo.com
44017476609,Raunak Sinha,21-01-1958,Male,Chittoor,West Bengal,9.15201E+11,samarth44@bhavsar-kari.com
4.71093E+11,Anvi Dugar,30-03-1968,Male,Bathinda,Uttar Pradesh,3790107826,ela99@gmail.com
5.26089E+11,Indranil Brahmbhatt,05-02-2018,Female,Vadodara,Mizoram,9.19126E+11,vchaudhuri@gmail.com
4.07915E+11,Priyansh Goyal,28-06-1961,Other,Navi Mumbai,Uttar Pradesh,9.17977E+11,hdayal@gmail.com
4.33875E+11,Ayesha Wali,26-05-1962,Male,Ahmedabad,Tripura,7207882577,romilamble@thaman.biz
8.74747E+11,Elakshi Rajagopalan,10-10-1994,Other,Danapur,Kerala,9.19518E+11,wmallick@vala-chokshi.com
1.59226E+11,Jayesh Devan,19-12-2019,Female,Bellary,Arunachal Pradesh,8053593281,arhaankhurana@gmail.com
3.78531E+11,Alisha Cheema,09-09-1983,Male,Hospet,Tamil Nadu,13161863,adesai@dua.org
3.52102E+11,Eva Bhargava,16-01-1988,Male,Gaya,Chhattisgarh,9.17934E+11,bghosh@brar.org
92574511129,Anahita Karpe,27-09-1968,Other,Bhalswa Jahangir Pur,Uttarakhand,7679868301,sairasaraf@gmail.com
73869855173,Sumer Walla,22-04-2003,Female,Anantapuram,Rajasthan,2748792908,tarini50@yahoo.com
6.29544E+11,Kiaan Thakur,07-03-1981,Other,Navi Mumbai,Arunachal Pradesh,3184264176,iragill@hotmail.com
6.37858E+11,Hunar Ghosh,04-04-1988,Male,Panchkula,Andhra Pradesh,7101533963,sarinojas@hotmail.com
1.56712E+11,Adah Shukla,07-05-1946,Male,Shahjahanpur,Telangana,9.13309E+11,fbajaj@yahoo.com
9.657E+11,Raghav Dani,12-05-1999,Other,Naihati,Bihar,4275560554,sara60@yahoo.com
1.3473E+11,Misha Kaul,24-06-1994,Male,Hosur,Kerala,5725746970,hswaminathan@swamy.com
2.16338E+11,Neysa Dutt,08-06-1964,Other,Bellary,Nagaland,9.19897E+11,ishaan56@ramesh.com
5.19224E+11,Hrishita Manne,27-01-1995,Female,Hospet,Uttar Pradesh,9.12665E+11,bdugal@mane.com
8.56922E+11,Khushi Sani,17-09-2013,Other,Alwar,Tamil Nadu,1071440681,ramadivij@comar.org
7.53549E+11,Dhanush Wadhwa,02-07-1970,Male,Katni,Punjab,2090712992,balakrishnantara@badal.org
86382438082,Ayesha Chana,25-07-1994,Male,Rewa,Sikkim,7424127936,virkbadal@krishna.com
1.813E+11,Sumer Lanka,12-08-1984,Other,Ahmedabad,Nagaland,1314726148,anika47@hotmail.com
9.23652E+11,Miraan Batra,21-06-1977,Male,Raichur,Assam,9.17594E+11,dchandran@grewal.com
6.22767E+11,Vaibhav Bail,17-01-2014,Other,Serampore,Sikkim,2700612379,divij81@yahoo.com
2.30068E+11,Ishita Sangha,19-04-1959,Female,Thiruvananthapuram,Kerala,3383375929,mbatra@gmail.com
6.20566E+11,Hunar Ghose,22-03-1955,Male,Jamnagar,Gujarat,5268717309,zoyabobal@kade.biz
7.97362E+11,Ishita Edwin,13-04-1973,Female,Panchkula,Chhattisgarh,1160201517,qsama@yahoo.com
4.94057E+11,Dhanuk Arora,06-03-1987,Male,Motihari,Kerala,9.13834E+11,indransdayal@yahoo.com
1.30163E+11,Armaan Kurian,01-04-1945,Female,Gorakhpur,Gujarat,9.16593E+11,stuvan21@ramachandran-bains.org
9.06448E+11,Yasmin Sami,11-11-1993,Male,Malda,Sikkim,5677836786,tluthra@soni.net
2.32611E+11,Nishith Bansal,05-10-1992,Female,Sagar,Rajasthan,1079718439,dasstiya@shukla-bath.com
2.45794E+11,Romil Krish,14-12-1960,Male,Bhavnagar,Kerala,9813510188,zainabains@seshadri.com
28605085710,Lakshay Goyal,10-05-1986,Female,Ballia,Chhattisgarh,5410586792,krishdhar@viswanathan.com
4.57808E+11,Zeeshan Kibe,14-05-1951,Female,Coimbatore,Arunachal Pradesh,3980374750,samar78@raman.com
4.59586E+11,Vritika Kala,09-11-2022,Female,Orai,Haryana,9.19632E+11,shankarsamiha@yahoo.com
4.57823E+11,Divyansh Saini,28-11-1949,Female,Raebareli,Rajasthan,803693924,yasmin61@hotmail.com
1.37861E+11,Aaina Dugar,10-07-2022,Male,Bathinda,Bihar,9.12098E+11,advikakoshy@hotmail.com
4.57505E+11,Jhanvi Chaudhuri,20-01-2003,Female,Motihari,Bihar,8213998232,rati72@gmail.com
7.39246E+11,Eshani Vyas,27-12-1990,Male,Vijayanagaram,Madhya Pradesh,9.10762E+11,ishaangoswami@kari-shankar.com
4.9141E+11,Pari Arora,08-05-2006,Male,Chittoor,Mizoram,9.19289E+11,nirvi73@vig-saini.biz
8.3524E+11,Hansh Aurora,14-10-2017,Other,Vasai-Virar,Mizoram,6731626351,ahluwaliataimur@bhandari.info
8.12374E+11,Lagan Ram,09-06-1937,Female,Mysore,Assam,9.15798E+11,duttpari@gmail.com
4.17745E+11,Dhanush Chad,02-05-1994,Male,Udupi,Andhra Pradesh,9.18758E+11,siyasinha@dhar-kurian.info
4.45214E+11,Nirvi Shan,26-12-1941,Male,Bhatpara,Madhya Pradesh,3982479103,ryanbava@gmail.com
9.86027E+11,Aarush Kadakia,19-02-2001,Other,Udupi,Kerala,7940310720,inaaya-24@yahoo.com
3.71366E+11,Pranay Sawhney,09-02-2023,Male,Chandrapur,Manipur,9.17647E+11,ydhawan@deshmukh-chhabra.info
5.9084E+11,Shlok Sehgal,10-01-1962,Other,Morena,Rajasthan,5636780111,malldivit@upadhyay-rau.com
2.59051E+11,Vedika Chahal,07-03-1949,Male,Gorakhpur,Andhra Pradesh,9380952720,krish48@yahoo.com
8.39078E+11,Vardaniya Chand,06-10-2009,Male,Bhagalpur,Goa,9.13154E+11,psem@krishnamurthy.com
3.31592E+11,Ishita Kulkarni,01-09-1989,Other,Khammam,Assam,6578919729,maharajritvik@yahoo.com
5.05501E+11,Siya Bail,20-01-1981,Female,Bokaro,Goa,1098046498,bshanker@yahoo.com
3.85376E+11,Emir Shanker,24-09-2006,Other,Junagadh,Punjab,1663000721,taimur16@chand.net
9.53715E+11,Elakshi Thakur,10-01-1992,Female,Bongaigaon,Bihar,9980871788,kaulivana@bora.com
4.73807E+11,Lagan Hari,09-01-1984,Male,Anantapur,Odisha,8948412675,srana@hotmail.com
54414263871,Mahika Borde,16-10-2013,Female,Chandigarh,Uttarakhand,665481544,mishtishroff@hotmail.com
1.97079E+11,Anahi Talwar,11-10-1932,Other,Medininagar,Himachal Pradesh,9.19049E+11,diyashah@sule.info
5.60483E+11,Rasha Gade,26-04-1938,Male,Morbi,Bihar,4212843118,aarnatata@walia.info
1.37692E+11,Rati Devi,17-12-1945,Other,Chennai,Goa,3370338238,lagan58@karan.com
16917916457,Miraan Sharaf,03-05-1928,Male,Proddatur,Maharashtra,9.1349E+11,rastogirania@bal.biz
2.1087E+11,Yuvaan Sandal,25-12-1926,Female,Sirsa,Chhattisgarh,5002472810,seshadriindrans@wadhwa-raju.com
5787144067,Aayush Dara,01-07-1933,Female,Bokaro,Haryana,5770481927,aradhya25@hotmail.com
17068522766,Riaan Gade,04-10-2014,Female,Karawal Nagar,Nagaland,9.1379E+11,nbiswas@lal-din.org
3.20299E+11,Mahika Sehgal,28-04-1972,Other,Visakhapatnam,Haryana,4603197115,vdhillon@gmail.com
4.08769E+11,Myra Sahni,29-10-1925,Other,Mira-Bhayandar,Bihar,790091412,azad52@varma.com
9.19418E+11,Aaryahi Sunder,31-03-1971,Female,Medininagar,Himachal Pradesh,9.17941E+11,mwarrior@hotmail.com
4.79857E+11,Lavanya Dugar,30-07-1993,Female,Durg,Karnataka,4084627940,sekhonadira@hotmail.com
2.7583E+11,Anvi Venkataraman,15-02-2009,Other,Suryapet,Bihar,9.10963E+11,shettyzara@golla.biz
46801529648,Ira Dhingra,28-06-2002,Female,Bhavnagar,Uttarakhand,2304585300,gsavant@sachar-aggarwal.com
4.92854E+11,Hunar Soman,15-05-1940,Other,Aizawl,Bihar,9.13819E+11,jiya51@hotmail.com
4.7823E+11,Kavya Balasubramanian,21-12-1974,Male,Karnal,Meghalaya,5171892052,kuruvillamisha@balan-varkey.biz
7.636E+11,Oorja Rana,01-07-1960,Female,Lucknow,Jharkhand,3000414427,qvarughese@yahoo.com
1.64094E+11,Alia Soman,04-12-1931,Male,Thiruvananthapuram,Chhattisgarh,9.17712E+11,bhavin02@yahoo.com
4.21009E+11,Lakshit Mandal,29-09-1928,Other,Chapra,Uttarakhand,7696250508,pgandhi@dalal.com
5.51004E+11,Damini Bumb,05-06-2001,Male,Chennai,Manipur,3265825144,anahi44@mahajan-ganesan.com
6.98238E+11,Saira Rajan,03-11-1943,Male,Jamshedpur,Telangana,9521778772,sairasekhon@chacko-ravel.biz
7.35496E+11,Divit Mammen,01-11-1956,Other,Kanpur,Madhya Pradesh,729642634,sarkarumang@dave-chaudry.com
2.65567E+11,Hazel Gopal,02-04-1969,Male,Secunderabad,Sikkim,132572262,ishitavarkey@gmail.com
7.40079E+11,Siya Lanka,14-12-2005,Male,Berhampore,Nagaland,2325989148,varughesefarhan@hotmail.com
80407524788,Taran Sankar,04-04-2006,Other,Chinsurah,Meghalaya,9.12718E+11,dhruvmander@yahoo.com
2.38755E+11,Ritvik Iyer,09-08-1960,Female,Danapur,Karnataka,7096371199,hridaan35@gmail.com
4.46544E+11,Anahi Soman,07-10-1929,Male,Kharagpur,Karnataka,9.14581E+11,sethtanya@balakrishnan.com
58306126353,Rania Tank,31-05-1999,Other,Rampur,Arunachal Pradesh,9.13095E+11,aarushkibe@dar.com
9.30612E+11,Ritvik Vala,02-04-2020,Other,Moradabad,Himachal Pradesh,7728880383,ysama@sur-thaman.com
39482854293,Aarush Gupta,25-07-1993,Other,Panihati,Assam,2297746764,aaina65@bansal.info
6.8656E+11,Prerak Brar,20-10-1979,Female,Panihati,Tamil Nadu,6946602982,ojaskota@barad-mallick.org
4.21592E+11,Aarna Wali,15-07-1938,Male,Chinsurah,Nagaland,1052218815,gadebaiju@sarkar-singh.info
52542923844,Pihu Dhillon,29-12-1944,Male,Ulhasnagar,Meghalaya,1212433892,devicharvi@yahoo.com
2.86434E+11,Ayesha Kapoor,07-04-1947,Female,Ahmedabad,Goa,659503402,neelofar96@yahoo.com
6981923342,Shamik Dyal,28-01-1936,Other,Patna,Assam,1518931669,gloyal@yahoo.com
7.88267E+11,Taran Chakraborty,08-06-2018,Other,Indore,Karnataka,9144337124,kadeela@hotmail.com
9.95491E+11,Jhanvi Dani,03-08-1934,Female,Coimbatore,Himachal Pradesh,7438818183,elakshitripathi@yahoo.com
2.10196E+11,Seher Bumb,13-01-2001,Other,Machilipatnam,Rajasthan,5479899192,chandtaimur@hotmail.com
3.92159E+11,Samiha Chand,11-04-2021,Male,Jabalpur,West Bengal,1964735002,battariaan@de-trivedi.net
33223558821,Arhaan Ghose,25-04-1985,Male,Aurangabad,Himachal Pradesh,9.18776E+11,jrana@gmail.com
5.45322E+11,Dhanuk Ahuja,31-07-1970,Other,Amravati,Sikkim,9.15517E+11,divyanshray@kala.com
3.55866E+11,Shanaya Mani,08-01-1942,Male,Dewas,Tamil Nadu,7192524683,aaryahi71@yahoo.com
7.41867E+11,Hunar Reddy,12-05-1997,Other,Tadepalligudem,Uttarakhand,5504076448,divij25@yahoo.com
1.4072E+11,Charvi Bahri,24-09-1965,Other,Nandyal,Kerala,2195627038,evadua@barad.com
2.92049E+11,Nirvaan Dara,23-11-1940,Female,Bihar Sharif,Mizoram,7882446063,paribehl@yahoo.com
6.4735E+11,Chirag Shah,28-07-1951,Male,Parbhani,Uttarakhand,9.14963E+11,shayakarora@bhagat.com
5.89606E+11,Sumer Lala,25-09-1991,Female,Dharmavaram,Karnataka,3992485625,kaira66@hotmail.com
6.4994E+11,Aradhya Aurora,18-04-1947,Male,Sagar,Bihar,4250400328,bhardwajsaksham@thakkar-bumb.com
7.80153E+11,Yuvraj  Vora,14-07-2009,Female,Raiganj,Tamil Nadu,3499617089,gokul55@tata-halder.com
9.98624E+11,Adira Dugal,09-07-2010,Other,Ajmer,Himachal Pradesh,9.16437E+11,ramakrishnanhiran@mall.com
8.38542E+11,Kanav Kant,05-06-1961,Other,Panchkula,Nagaland,9.19784E+11,issacjayan@randhawa.com
5.56539E+11,Miraya Sandhu,31-10-1939,Other,Ranchi,Meghalaya,2830576890,mamooty01@seth.com
2.86952E+11,Advika Bal,30-07-1936,Other,Raebareli,Kerala,9.19604E+11,boradrishya@gmail.com
9.30854E+11,Sahil Ghosh,21-08-1992,Female,Purnia,Arunachal Pradesh,4273695690,rashamaharaj@kothari.com
7.6439E+11,Parinaaz Venkataraman,03-04-1936,Female,Navi Mumbai,Uttarakhand,5883837979,madhav40@yahoo.com
4.53674E+11,Anay Manne,22-05-1981,Male,Thanjavur,Tripura,1660159125,zaina42@hotmail.com
6.49462E+11,Vivaan Atwal,18-10-1971,Male,Dhule,Madhya Pradesh,3553149459,ramakrishnanromil@yahoo.com
5.80292E+11,Divit Date,03-12-1958,Female,Haldia,West Bengal,9180053908,sandra@shroff-bawa.com
82725474576,Khushi Yohannan,21-06-1975,Female,Jorhat,Chhattisgarh,7570090018,schatterjee@issac.com
7.32901E+11,Anvi Sandhu,01-06-2023,Male,Hubli–Dharwad,Arunachal Pradesh,8967547624,aayushdasgupta@ganesh.com
31665957995,Himmat Batta,22-05-2011,Male,Ludhiana,Himachal Pradesh,4107083260,guhainaaya@sidhu.com
6.04991E+11,Ivana Srinivasan,07-12-1945,Other,Mumbai,Karnataka,1767066930,sakshamlall@gmail.com
70969220360,Kashvi Dutta,25-01-1977,Female,Munger,Kerala,3460740287,othakur@sawhney-char.info
9.33398E+11,Samiha Das,17-08-1993,Male,Proddatur,Karnataka,8300375471,xkamdar@mand.com
1.83579E+11,Anya Rastogi,27-02-2020,Other,Ozhukarai,Kerala,9204875500,gourshamik@yahoo.com
5.724E+11,Divit Dutt,06-08-1988,Male,Vadodara,Sikkim,9.10985E+11,gokulborde@yahoo.com
4.95389E+11,Nehmat Kapoor,15-09-1967,Female,Uluberia,Tripura,9.16936E+11,dattasumer@tak.org
8.07987E+11,Piya Sharaf,04-01-1989,Other,Firozabad,Meghalaya,2352776076,dugarahana@gara.com
7.92913E+11,Seher Kalita,01-08-1966,Female,Kolhapur,Tamil Nadu,3171655082,ishitabahri@vyas.com
5.95583E+11,Saira Som,19-08-1940,Other,Bokaro,Punjab,9.14787E+11,saira68@yahoo.com
9.74758E+11,Keya Warrior,16-05-1990,Other,Korba,Chhattisgarh,7026658107,cheemaira@gmail.com
8.68882E+11,Nakul Anne,11-02-1952,Male,Jamshedpur,Andhra Pradesh,8442050282,psridhar@hotmail.com
8.90312E+11,Shamik Biswas,16-10-1970,Female,Bahraich,Mizoram,7669470179,qbatta@sarkar.com
6.02356E+11,Ira Boase,27-08-1955,Other,Jehanabad,Tamil Nadu,3241762073,varkeyuthkarsh@anne.info
1.03813E+11,Biju Swaminathan,11-04-1941,Male,Moradabad,Uttar Pradesh,9293702712,rashasani@sundaram.com
4.80651E+11,Madhav Chaudry,17-10-1999,Other,Agartala,Telangana,4113638286,mohanlalborde@ravi.com
7.80187E+11,Adira Comar,26-08-1947,Other,Rajpur Sonarpur,West Bengal,8902950318,jhaveriira@lalla.com
3.95959E+11,Prerak Roy,11-01-2004,Other,Bidar,West Bengal,3248052242,ilalla@tella.com
3.20552E+11,Shlok Goda,24-04-2016,Male,Madurai,Odisha,3165836911,sumer13@guha.com
5.27952E+11,Adira Barad,28-12-2004,Other,Gulbarga,Himachal Pradesh,9.16574E+11,gatikroy@rajagopalan-kapoor.info
9.13328E+11,Saira Walla,11-08-1979,Female,Gorakhpur,Assam,9629625267,elanka@yahoo.com
2.40152E+11,Nehmat Sethi,23-11-2019,Male,Pondicherry,Haryana,9.14574E+11,veerlala@gmail.com
6.2567E+11,Taimur Dutt,26-04-1980,Male,Bhavnagar,Mizoram,9233478931,nitara90@hotmail.com
78864740192,Navya Khanna,02-12-1967,Female,Visakhapatnam,Arunachal Pradesh,9369626138,lakshitkalita@rege.net
7.56007E+11,Adira Bala,06-12-1932,Male,Gudivada,Punjab,7291977298,kchahal@gmail.com
5.53793E+11,Emir Borde,26-07-1975,Other,Guntakal,Nagaland,9.11657E+11,aayushuppal@hotmail.com
2.3862E+11,Hrishita Malhotra,13-10-1980,Other,Barasat,Andhra Pradesh,9.14316E+11,bavaonkar@dhar.com
46758589845,Amira Kulkarni,31-07-1969,Male,Vasai-Virar,Punjab,66252544,lallaakarsh@yahoo.com
90437573522,Sumer Kalita,26-02-1994,Other,Pallavaram,Mizoram,7460996567,omannan@hotmail.com
2.00183E+11,Mamooty Dar,11-10-1928,Male,Karnal,Telangana,9.11429E+11,bansalbhavin@borah.com
4.70403E+11,Emir Sem,05-05-1945,Other,Kurnool,Mizoram,9.17108E+11,rhea72@hotmail.com
3.03805E+11,Mehul Gour,19-05-1985,Male,Fatehpur,Mizoram,9.17382E+11,hvirk@sawhney.com
3.21295E+11,Mannat Lalla,07-09-1994,Male,Madanapalle,Chhattisgarh,8390400267,emirchaudhry@gmail.com
1.82208E+11,Tiya Kala,11-08-1923,Male,Vijayawada,Uttar Pradesh,4989891148,manjaridin@amble-lad.com
4.53145E+11,Vidur Mane,11-09-2014,Other,Barasat,Chhattisgarh,9.17453E+11,deopihu@yadav.com
5.51331E+11,Vardaniya Thaman,02-03-1986,Other,Jehanabad,Haryana,2054836008,davetaimur@hotmail.com
96925568069,Ritvik Dubey,03-02-1934,Other,Machilipatnam,Telangana,4664739791,ivanbarad@manda.net
1.45566E+11,Alisha Mall,29-11-1951,Female,Warangal,Manipur,4082848605,jray@gmail.com
41000487995,Aarav Wali,23-06-1941,Female,Kadapa,Nagaland,9067058845,krishbhardwaj@ganguly.com
2.05032E+11,Uthkarsh Kumer,24-05-2014,Other,Panipat,Punjab,9.16705E+11,pbassi@yahoo.com
7.81205E+11,Misha Sahota,30-06-1942,Female,Hajipur,Karnataka,9.19113E+11,borahdarshit@hotmail.com
8.40441E+11,Baiju Buch,23-03-1934,Female,Chinsurah,Assam,4698656340,dattapriyansh@yahoo.com
7.28998E+11,Indrajit Divan,20-01-1981,Female,Guntur,Madhya Pradesh,2370188272,jayandyal@hotmail.com
6.93187E+11,Suhana Ramesh,01-01-1971,Female,Kolhapur,Meghalaya,7524252063,uchandran@yahoo.com
4.52771E+11,Vardaniya Mann,29-12-2008,Other,Hospet,Telangana,8862947143,farhan89@madan.com
4.53434E+11,Yakshit Ranganathan,31-10-1993,Female,Mysore,Assam,591134777,somkhushi@sidhu-loyal.org
2.1497E+11,Nitya Chaudhuri,20-10-1940,Other,Nanded,Nagaland,8201749427,romilmahajan@yahoo.com
3.40663E+11,Aradhya Kalita,10-01-1945,Male,Nangloi Jat,Telangana,9.10539E+11,dasshray@hotmail.com
34886567255,Ayesha Sundaram,21-11-1989,Other,Bongaigaon,Kerala,9.10452E+11,qben@bali.com
2.00568E+11,Vanya Rout,05-08-1947,Other,Khammam,Mizoram,9.17327E+11,rayyuvaan@konda-garg.net
2.48833E+11,Saksham Lad,20-09-1944,Female,Chennai,Odisha,2367568606,pari17@sridhar-shetty.org
8.49108E+11,Hunar Balay,02-05-1997,Male,Firozabad,Odisha,9.18711E+11,lakshay63@gmail.com
8.97244E+11,Biju Rattan,19-02-1951,Other,Indore,Andhra Pradesh,9.17494E+11,khannavardaniya@gmail.com
4.03248E+11,Vidur Vig,06-05-1977,Male,New Delhi,Gujarat,9.1598E+11,ojasvarkey@gmail.com
8.17485E+11,Jayesh Andra,03-11-1923,Male,Silchar,Uttar Pradesh,4538004853,neysaborra@hotmail.com
1.11541E+11,Amira Buch,10-11-1956,Male,Jalgaon,Uttar Pradesh,9.10365E+11,smani@master.com
95748435720,Chirag Balakrishnan,25-08-1938,Male,Tiruppur,Bihar,2761215718,mehulmagar@mandal.com
53416454891,Shaan Kala,18-12-1981,Other,Allahabad,Rajasthan,9419510344,sethamani@gmail.com
1.51119E+11,Urvi Bhatti,06-04-2007,Male,Ranchi,Haryana,9.12545E+11,rajagopalhansh@gmail.com
1.73431E+11,Nitara Shukla,28-09-1941,Other,Machilipatnam,Arunachal Pradesh,1134177614,hmann@sami.com
2.87808E+11,Hunar Balasubramanian,29-08-2015,Female,Nellore,Karnataka,9999088268,fmall@aggarwal-swaminathan.com
7.3858E+11,Anaya Kumar,02-03-1974,Other,Tirupati,Karnataka,4189441121,armaanjayaraman@ahluwalia.com
6.272E+11,Anahi Chander,27-02-1949,Female,Ongole,Chhattisgarh,7064141926,kverma@tandon.com
6.67204E+11,Jayesh Raja,27-07-1969,Female,Akola,Tamil Nadu,9.16601E+11,ogala@yahoo.com
6.31327E+11,Ahana  Dewan,11-05-1994,Female,Indore,Uttar Pradesh,9.13216E+11,sarakar@kalita.com
3.86088E+11,Shray Srinivas,23-03-1960,Female,Vijayanagaram,Nagaland,9.11411E+11,agarwalrania@yahoo.com
7.51582E+11,Keya Agrawal,20-01-1996,Male,Sultan Pur Majra,Haryana,3922693532,gmangal@gmail.com
6.54622E+11,Neelofar Sabharwal,28-01-1994,Other,Arrah,Meghalaya,9.1122E+11,vidurbhasin@yahoo.com
78768914265,Lavanya Joshi,09-11-1971,Female,Ichalkaranji,Himachal Pradesh,7521471619,balasubramanianlagan@bhattacharyya.info
9.73177E+11,Sana Toor,07-08-2008,Other,Tirupati,Rajasthan,8182890780,kiara80@deo.net
29548878183,Jayan Kaul,03-01-1930,Other,Ballia,Assam,9.19904E+11,heer30@hotmail.com
7.4283E+11,Tara Baria,27-01-1983,Other,Khora ,Rajasthan,3465739325,ivanasahota@chand.com
4.87125E+11,Pari Suresh,06-06-2006,Male,Pimpri-Chinchwad,Madhya Pradesh,9.17616E+11,chiragbedi@hotmail.com
1.34947E+11,Seher Tailor,08-01-2015,Male,Ramgarh,Odisha,9197360788,sakshambal@sane-vyas.com
82481863283,Kismat Mahal,19-01-1999,Male,Nagaon,Rajasthan,9.13983E+11,riaanchawla@hotmail.com
52517143778,Khushi Rege,27-08-2020,Other,Vasai-Virar,Mizoram,9.14808E+11,tailoryuvraj@gmail.com
1.14411E+11,Indrans Shan,12-10-1967,Other,Saharanpur,Rajasthan,3094298236,amanihegde@yahoo.com
3.34937E+11,Mehul Balay,15-10-1999,Female,Nandyal,Karnataka,4791757252,chakrabortynayantara@dutta.com
9.28225E+11,Biju Sawhney,11-07-1948,Other,Gudivada,Uttar Pradesh,3452797651,jivikasoman@chacko.com
7.04311E+11,Ritvik Warrior,04-03-1985,Other,Gandhinagar,Uttar Pradesh,9.14687E+11,mirayagill@yahoo.com
7.83416E+11,Jayesh Bumb,15-01-1964,Male,Hazaribagh,Nagaland,4149104184,mamootybera@yahoo.com
7.16191E+11,Nitara Bhat,01-07-2022,Male,Morbi,Uttar Pradesh,9.12312E+11,veer85@hotmail.com
9.08264E+11,Aayush Ghosh,22-10-1974,Male,Madurai,West Bengal,4251866871,dlalla@gmail.com
2.41087E+11,Piya Dutt,22-09-1928,Male,Unnao,Gujarat,9095754606,aniruddh41@gmail.com
5.06924E+11,Ira Rout,17-02-1937,Other,Pune,Punjab,5463182520,rshukla@solanki.biz
4.71549E+11,Ela Ramanathan,12-11-1929,Other,Shivpuri,Bihar,9.18511E+11,divij57@gmail.com
59263868393,Yashvi Tripathi,10-05-2021,Other,Silchar,Bihar,4223283116,vkannan@gade-viswanathan.net
4.14016E+11,Charvi Boase,18-11-1985,Female,Pudukkottai,Haryana,9003618616,surrania@hotmail.com
34564954964,Ira Raman,16-05-1998,Female,Hindupur,Madhya Pradesh,9.13921E+11,rseshadri@sathe-choudhry.com
5.7908E+11,Madhav Basu,12-03-2021,Male,Kalyan-Dombivli,Bihar,9.13515E+11,rkonda@uppal.com
1.49042E+11,Yakshit Sankar,12-11-1972,Other,Firozabad,Chhattisgarh,5091577668,bhattacharyyaela@raman.com
7.30069E+11,Lavanya Sabharwal,07-10-1965,Other,Latur,Goa,9.14297E+11,shrayvala@gmail.com
4.43551E+11,Ishita Koshy,12-09-1944,Other,Ambarnath,Rajasthan,9.13775E+11,prishakulkarni@dewan.com
6.52457E+11,Divij Baria,26-09-1968,Male,Rohtak,Sikkim,2466884128,nakuldash@hotmail.com
6.28029E+11,Trisha Chandra,03-04-1975,Male,Rewa,Mizoram,1644137142,rattashanaya@gmail.com
8.58194E+11,Madhup Soni,16-02-1967,Other,Raurkela Industrial Township,Kerala,4356454311,imagar@yahoo.com
3.04887E+11,Adah Doshi,20-07-1954,Male,Rewa,Gujarat,6676023129,zbhakta@mannan.com
7.37105E+11,Shlok Goyal,21-06-1932,Male,Satna,Chhattisgarh,7613167215,toorjivin@bassi.info
6.23049E+11,Lakshit Ravi,29-10-1980,Female,Bhubaneswar,Tamil Nadu,9.1071E+11,pbali@hotmail.com
1.05598E+11,Vidur Kale,13-03-2013,Other,Varanasi,Goa,2561555319,balayanika@gmail.com
7.99134E+11,Khushi Mand,27-02-1999,Male,Gwalior,Manipur,9.12825E+11,advikaarya@toor.com
4.18848E+11,Priyansh Wali,28-01-1983,Other,Khammam,Andhra Pradesh,5388746426,vwali@yahoo.com
8.37057E+11,Dhanuk Chawla,10-07-1963,Female,Tezpur,Madhya Pradesh,5175616627,goswamihrishita@krish.com
59308160404,Riya Handa,09-06-1976,Male,Amaravati,Odisha,9.17746E+11,tushar89@khanna-bhattacharyya.net
7.74049E+11,Faiyaz Dutt,06-07-2014,Male,Allahabad,Maharashtra,1587513139,gtella@chaudhuri-kala.info
7.3556E+11,Vaibhav Yadav,26-10-1938,Male,Tadepalligudem,Goa,9.12024E+11,sana24@hotmail.com
5.89675E+11,Hiran Behl,28-09-1982,Male,Muzaffarpur,Manipur,597478273,sana97@walla-virk.com
2.69956E+11,Shanaya Borah,14-03-1985,Other,Siliguri,Bihar,5665095714,akarshseth@yahoo.com
7.41728E+11,Kartik Bassi,25-08-1963,Male,Gaya,Maharashtra,2928583062,qamble@kala-thaker.com
6.45933E+11,Aarush Bala,07-02-1951,Female,Thiruvananthapuram,Haryana,9.19566E+11,yasmin27@gmail.com
14384734129,Saksham Loyal,26-09-2007,Other,Silchar,Kerala,4156030717,sumer24@gmail.com
2.30934E+11,Kiaan Subramanian,12-07-1938,Other,Surat,Telangana,9260905319,lakshitmand@yahoo.com
8.37779E+11,Devansh Barman,19-08-1974,Female,Dindigul,West Bengal,9.10839E+11,urvi63@buch.com
6.47319E+11,Aarush Ghose,17-07-2015,Other,Kota,Maharashtra,9.11144E+11,vaibhav96@gmail.com
6.68839E+11,Mohanlal Vig,15-06-1958,Female,Hindupur,Arunachal Pradesh,6767576183,yakshitvenkataraman@yahoo.com
5.43799E+11,Alia Buch,18-09-1933,Male,Ichalkaranji,Punjab,4522615241,fateh26@gmail.com
6.19892E+11,Jiya Yadav,31-10-1989,Other,Kolhapur,Tamil Nadu,5863514335,abram89@das-randhawa.com
2.51695E+11,Akarsh Saxena,22-09-1952,Male,Nangloi Jat,Arunachal Pradesh,6587239926,qkhatri@dugar.net
6.97763E+11,Bhamini Sandal,19-01-1997,Other,Rohtak,Haryana,9.11551E+11,duttanirvaan@yahoo.com
1.37089E+11,Taran Hegde,09-05-1931,Other,Buxar,Karnataka,283547182,sarinabram@dalia.net
7.20852E+11,Pihu Chander,12-07-1981,Male,Darbhanga,Madhya Pradesh,5051223888,aainachakrabarti@yahoo.com
1.13961E+11,Advik Goyal,15-01-1928,Other,Bokaro,Odisha,9.12741E+11,venkateshtaran@hora.com
2.07692E+11,Himmat Dora,08-01-2020,Male,Anand,Assam,9.15018E+11,jiya00@hotmail.com
5.18527E+11,Shalv Sani,02-04-1957,Other,Ghaziabad,Telangana,2326696855,zgoel@hotmail.com
1.937E+11,Adah Chander,18-11-1924,Female,Bhusawal,Chhattisgarh,9.16098E+11,hazelborah@kothari.com
6.32339E+11,Siya Shere,14-03-1992,Male,Bhiwandi,Gujarat,8312490693,eshani03@ramaswamy-gaba.com
7.62852E+11,Yuvraj  Sibal,26-11-1922,Female,Buxar,Punjab,9.18154E+11,yvenkataraman@dua.com
5.42672E+11,Ishita Ramaswamy,17-12-1927,Other,Bhopal,Punjab,9.10851E+11,mohanlalbhandari@uppal.com
3.85179E+11,Vritika Dhaliwal,18-08-1959,Other,Udupi,Tamil Nadu,9246265417,aaryahimadan@yahoo.com
7.60653E+11,Miraya Boase,08-05-2017,Male,Jammu,Karnataka,2855093754,xdara@bhardwaj.com
6.14459E+11,Samiha Sehgal,21-02-1937,Other,Malda,Tamil Nadu,9.11418E+11,krish57@gmail.com
4.63043E+11,Damini Kadakia,15-06-1998,Other,Darbhanga,Goa,9.13954E+11,wablesana@hotmail.com
3.46069E+11,Vidur Lanka,26-01-2022,Male,Latur,Telangana,9.19872E+11,missac@lanka.org
8.92467E+11,Anvi Taneja,21-12-1969,Other,Pondicherry,Karnataka,2258374962,qraja@gmail.com
95627810701,Mamooty Grewal,06-07-1997,Male,Bardhaman,Himachal Pradesh,1544210296,santraghav@hotmail.com
6.91035E+11,Jayant Thaman,02-11-1935,Other,Jabalpur,Telangana,9242483613,vedikakuruvilla@gmail.com
8.19129E+11,Raghav Swamy,15-10-1927,Other,North Dumdum,Arunachal Pradesh,5682116298,udalia@hotmail.com
2.9544E+11,Urvi Kala,24-04-1972,Other,Morena,Rajasthan,9.19444E+11,yuvaan94@hotmail.com
1.03901E+11,Zara Sani,30-10-1931,Other,Kolkata,Jharkhand,41357949,xtata@rajagopalan.info
3.26564E+11,Tarini Seshadri,19-08-1993,Male,Kochi,Mizoram,6109069413,ibrahmbhatt@thakkar.biz
7.7737E+11,Yakshit Gill,21-04-1930,Other,Ambattur,Tamil Nadu,7868657619,xbhattacharyya@yahoo.com
8.62966E+11,Ayesha Aurora,18-12-1960,Male,Madhyamgram,Kerala,9.1589E+11,ghosenitya@yahoo.com
9.65537E+11,Samar Bhardwaj,24-03-1963,Female,Panchkula,Arunachal Pradesh,4174139841,qramachandran@gmail.com
1.83562E+11,Piya Subramaniam,30-07-1931,Female,Haridwar,Himachal Pradesh,8220101070,alisha26@hotmail.com
6.23615E+11,Neelofar Singhal,29-12-1956,Female,Aligarh,Punjab,9.14236E+11,valakanav@barman-dutt.com
7.33858E+11,Shamik Kaul,26-01-1932,Female,Khammam,Haryana,2018029603,dbala@gmail.com
4.51129E+11,Yashvi Bala,20-03-1978,Other,Avadi,Jharkhand,4189858919,samiojas@yahoo.com
1.315E+11,Urvi Rajagopal,25-04-1988,Other,Gorakhpur,Madhya Pradesh,8552934034,mishakalita@arora.com
3.43881E+11,Anahi Shere,14-04-1944,Male,Kozhikode,Sikkim,3882596216,kaleemir@hotmail.com
8.36364E+11,Baiju D’Alia,08-04-1993,Female,Tiruppur,Punjab,9354662414,riaan31@bandi.org
3.59515E+11,Aayush Sheth,21-12-1938,Male,Salem,Meghalaya,1743898199,ldora@gmail.com
9.73568E+11,Taimur Sampath,31-05-1969,Other,Mau,Himachal Pradesh,433446908,tbalakrishnan@hotmail.com
7.11217E+11,Zoya Bandi,29-06-2016,Other,Patiala,Meghalaya,9.14464E+11,drishyasharma@yahoo.com
1.05698E+11,Kavya Borah,09-01-1984,Female,Barasat,Bihar,9.10899E+11,anyaborra@yahoo.com
6.03816E+11,Jivika Goel,11-03-2013,Other,Thrissur,Jharkhand,3274604931,sahnidhanuk@bora.com
8.75058E+11,Jhanvi Tella,08-01-1994,Male,Gwalior,Meghalaya,9.15632E+11,jgarde@sabharwal.com
8.40645E+11,Anahi Vora,24-01-2002,Other,Pimpri-Chinchwad,Nagaland,8664723593,ydate@hotmail.com
2.30895E+11,Zaina Agrawal,30-11-1929,Female,Barasat,Nagaland,9521058292,amira98@hotmail.com
82332082230,Jayan Sarma,07-08-2007,Other,Amritsar,Punjab,1469927561,iyengararnav@ramakrishnan.biz
1.31917E+11,Amira Krishna,15-05-1933,Other,Nandyal,Bihar,9.14936E+11,kohlivihaan@loyal.com
78558508643,Ivan Kala,07-11-1935,Other,Tadepalligudem,Andhra Pradesh,9.17257E+11,wdoshi@yahoo.com
1.32332E+11,Biju Kibe,04-11-1988,Female,Shimla,Goa,2017706631,ranbirravel@kalita.com
3.59951E+11,Indrajit Ramanathan,20-04-1961,Female,Cuttack,Karnataka,9.16741E+11,hazelsastry@viswanathan.com
8.56077E+11,Tarini Rama,23-03-1930,Female,Tiruchirappalli,Andhra Pradesh,1074188087,wbawa@hotmail.com
6.59869E+11,Advik Mammen,28-05-2000,Male,Moradabad,Goa,9.13275E+11,nehmatlad@hotmail.com
4.63599E+11,Jayan Joshi,29-07-1933,Other,Sikar,Maharashtra,5634415993,vedika79@lanka.com
3.88432E+11,Ranbir Chaudhari,11-09-1999,Other,Mirzapur,Sikkim,664338672,jhaverisuhana@hotmail.com
7.4222E+11,Jayesh Bera,21-07-1941,Other,Berhampur,Arunachal Pradesh,1982747821,ryaniyer@varghese-khosla.com
1.17549E+11,Kavya Randhawa,13-01-1934,Male,Bihar Sharif,Sikkim,9.13258E+11,ehsaan57@yahoo.com
2.42674E+11,Dhanush Bhakta,18-08-1931,Female,Bhimavaram,Arunachal Pradesh,1983569537,qhegde@yahoo.com
1.58659E+11,Onkar Mandal,10-04-2023,Male,Singrauli,West Bengal,8193548582,kakarriya@dalal.com
1.41332E+11,Abram Raja,05-01-1978,Other,Bhopal,Sikkim,9.17095E+11,comarhiran@singh.com
9.09577E+11,Jayan Deo,13-06-2006,Other,Sangli-Miraj & Kupwad,Manipur,4328449859,diya66@bhattacharyya.com
7.80425E+11,Ritvik Khurana,06-01-1965,Other,Jamnagar,Tamil Nadu,1054544797,reneebansal@doctor-doctor.org
6.90353E+11,Shray Shan,15-04-1940,Female,Berhampore,Andhra Pradesh,9.11682E+11,saira27@yahoo.com
3.5273E+11,Manikya Rattan,21-01-2002,Male,Panipat,Andhra Pradesh,9.10715E+11,nayantara16@hotmail.com
1.52685E+11,Tushar Toor,11-07-2002,Male,Orai,Telangana,9.15033E+11,lmani@gmail.com
8.22152E+11,Sahil Sundaram,18-12-1941,Male,Jaunpur,Madhya Pradesh,7644438892,hridaan15@yahoo.com
7.91841E+11,Zain Aurora,03-01-1973,Other,Bhubaneswar,Manipur,9713013570,biju86@kala-wali.biz
5.18528E+11,Zaina Bala,21-04-2022,Other,Bettiah,Arunachal Pradesh,3612996644,aaravrajan@yahoo.com
8.64033E+11,Sana Bawa,04-07-1946,Male,Allahabad,Sikkim,9.19368E+11,vihaangaba@ratti-baral.org
9.29843E+11,Samiha Dhar,11-04-1941,Male,Bellary,Nagaland,5565918312,vihaan32@soman.com
91323429873,Purab Reddy,20-07-1939,Male,Khora ,Telangana,9.15983E+11,gmangat@das.net
8.33206E+11,Ayesha Varghese,11-01-2005,Other,Visakhapatnam,Rajasthan,9.14299E+11,issacnirvaan@handa-dar.biz
8.64557E+11,Charvi Lata,23-10-1949,Male,Bhalswa Jahangir Pur,Telangana,3189634727,edara@yahoo.com
1.27102E+11,Shamik Sani,28-06-2000,Male,Raebareli,Goa,9.17364E+11,indransdugar@sastry.com
6.18316E+11,Tushar Seth,15-03-1967,Female,Tiruchirappalli,Goa,6525701531,ywalia@gmail.com
5.81558E+11,Manjari Bakshi,03-06-1963,Other,Ichalkaranji,Maharashtra,3138040137,boseeshani@gmail.com
2.22429E+11,Yuvraj  Mane,16-01-1954,Other,Bhavnagar,Madhya Pradesh,9.17221E+11,ishita51@hotmail.com
1.72052E+11,Emir Virk,28-10-1966,Other,Ambattur,Maharashtra,8967809298,mirayakorpal@gmail.com
4.98742E+11,Baiju Sehgal,30-06-1957,Female,Jalgaon,Mizoram,5012320279,rajanaarav@hayre-raval.com
2.40218E+11,Misha Vaidya,02-07-2008,Male,Panchkula,Mizoram,9907919537,prishasura@gmail.com
6.38193E+11,Rohan Wali,26-06-1986,Female,Tumkur,Gujarat,5176521049,nsawhney@yahoo.com
75855931159,Onkar Keer,01-02-1972,Female,Faridabad,Meghalaya,550605373,edhaliwal@mahal.com
8.70849E+11,Zeeshan Gola,26-11-1986,Female,Bettiah,Rajasthan,9879143078,htank@gmail.com
4.3019E+11,Prerak Hegde,25-02-1958,Male,Yamunanagar,Maharashtra,9.16081E+11,madhupsidhu@rana.com
6.28003E+11,Arhaan Walla,04-08-1961,Male,Faridabad,Chhattisgarh,9.11306E+11,atalwar@deep-sangha.com
3.53199E+11,Fateh Dhawan,18-07-1932,Female,Vijayanagaram,Rajasthan,8420960767,urastogi@venkatesh-rau.com
3.13804E+11,Badal Saran,17-02-1975,Other,Nagaon,Telangana,9279764805,mahikataneja@buch.com
7.13216E+11,Ishita Raman,30-10-1938,Other,Kurnool,West Bengal,9.14319E+11,loyalinaaya@yahoo.com
4.99859E+11,Nirvi Hari,27-08-1973,Male,Raipur,Odisha,9.14909E+11,anaya46@yahoo.com
6.26718E+11,Manikya Bal,19-10-1955,Male,Panchkula,Odisha,25244613,chhabraanaya@verma.biz
8.66964E+11,Dhanush Grewal,17-03-1991,Female,Tiruchirappalli,Tripura,9986610028,odeep@sheth.com
31710408422,Samiha Bumb,29-11-1975,Female,Rourkela,Gujarat,9.12308E+11,indransbhakta@ramesh.com
1.86891E+11,Suhana Saran,24-05-1985,Female,Karnal,Telangana,8888893508,hbadal@lanka.com
6.7326E+11,Yasmin Yogi,21-08-2002,Other,Orai,Karnataka,4930474789,tbir@sekhon.com
80176844291,Jiya Manda,12-10-1997,Female,Ajmer,Meghalaya,2700518102,gtailor@gmail.com
7.02444E+11,Elakshi Ghosh,11-11-1957,Male,Nagercoil,Uttarakhand,719677040,trivedineelofar@kala.info
5.74473E+11,Amani Rana,10-12-2000,Male,Tirunelveli,Arunachal Pradesh,7996427473,shanahana@hotmail.com
6.60843E+11,Jayan Kota,01-04-2012,Male,Ozhukarai,Tripura,3294808982,xloyal@bhavsar-kohli.info
7.69354E+11,Nirvaan Kaul,22-03-2021,Male,Ujjain,Telangana,9.12217E+11,qreddy@gmail.com
4.89474E+11,Dishani Borah,13-06-1960,Other,Begusarai,Jharkhand,2673664925,rania06@gmail.com
2.91804E+11,Rohan Amble,27-08-1979,Female,Kavali,Haryana,9.12082E+11,vaibhavapte@balan-gour.com
8.5579E+11,Abram Jha,30-12-1969,Female,Latur,Maharashtra,7451654720,bhatnagaryasmin@hotmail.com
39048909632,Eshani Suresh,07-12-1967,Other,Kolkata,Assam,5414374689,ivana42@yahoo.com
2.55419E+11,Kiaan Basu,20-07-2007,Male,Bongaigaon,Goa,3168674954,kaladishani@gmail.com
6.05556E+11,Dhruv Bandi,10-08-2007,Other,Patiala,Sikkim,7652546697,taimur13@sawhney.info
4.39357E+11,Nakul Das,29-04-1929,Female,Chinsurah,Uttarakhand,4758305371,zbains@gmail.com
7.52388E+11,Aarav Wadhwa,27-04-1967,Other,Erode,Arunachal Pradesh,8568593821,krish10@bhandari-bassi.com
9.00119E+11,Aniruddh Kala,11-02-1998,Female,Ratlam,Tamil Nadu,4988622643,okrishnamurthy@hotmail.com
7.83205E+11,Raunak Contractor,15-09-2005,Other,Kota,Punjab,2006503160,samihaguha@baral.com
8.32329E+11,Drishya Badami,07-08-1948,Other,Rajahmundry,Sikkim,302709875,azad04@gmail.com
5.10788E+11,Dhruv Dugar,29-03-2011,Male,Jammu,Punjab,3359951787,charvi27@hotmail.com
35251646333,Taimur Bora,05-10-1924,Other,Hajipur,Chhattisgarh,2143892837,rohan22@chanda-gokhale.com
5.03243E+11,Riaan Kothari,29-12-1956,Male,Kurnool,Assam,1846013238,aayushramaswamy@manne.com
5.26872E+11,Drishya Rama,23-05-2020,Male,Meerut,Tamil Nadu,4350558204,devanshhans@bhargava.com
9.51503E+11,Manjari Kamdar,07-05-1941,Female,Allahabad,Mizoram,7233769604,bdalal@jain-dyal.com
2.30914E+11,Inaaya  Singhal,08-05-1968,Other,Surat,Gujarat,9.1047E+11,gkashyap@shah.org
9.85898E+11,Riaan Bawa,22-07-1943,Other,Ratlam,Arunachal Pradesh,9.15112E+11,yshah@luthra-krish.info
3.81633E+11,Vritika Arora,11-01-2008,Male,Loni,Uttarakhand,4258548203,parilall@gmail.com
4.99606E+11,Akarsh Uppal,12-01-1975,Female,Bhavnagar,Mizoram,9.12575E+11,zratti@devi.com
17820531357,Nirvaan Date,03-11-1936,Other,Jalna,West Bengal,2998755591,kapadiauthkarsh@gmail.com
4.09433E+11,Bhavin Dara,15-04-1945,Other,Morbi,Bihar,6261470043,shanayagole@thaker.biz
37687335531,Raghav Wadhwa,29-02-1968,Other,Mangalore,Haryana,9.18309E+11,ivana80@kar-bera.biz
1.56394E+11,Kartik Shroff,07-03-1988,Female,Mumbai,Telangana,9.13006E+11,zainsodhi@gmail.com
7.94384E+11,Aarav Sunder,18-01-1938,Other,Bharatpur,Assam,6040716481,jchana@mander.org
30297685844,Alisha Srivastava,13-03-1993,Other,Sikar,Assam,5963596644,xsaran@yahoo.com
5.22559E+11,Darshit Raman,17-07-1982,Other,Sonipat,Telangana,3881514734,shayak77@gill.net
9.61459E+11,Nishith Sethi,30-05-1988,Male,Gwalior,Haryana,4874427092,sahil71@gmail.com
6.4944E+11,Priyansh Hayer,05-09-2007,Male,Hazaribagh,Punjab,8178251055,yakshitvora@dugal-khatri.net
8.88075E+11,Anaya Chacko,23-11-2002,Other,Singrauli,Uttar Pradesh,9.12605E+11,ramaswamyadvik@gmail.com
4.74948E+11,Seher Shetty,25-12-1936,Female,Mahbubnagar,Chhattisgarh,5311093251,kavyaissac@kant-master.net
1.50757E+11,Mahika Kota,24-08-1993,Other,Jehanabad,Maharashtra,6079847667,qrana@shan-kapur.com
4.77146E+11,Charvi Jaggi,09-01-2010,Other,Anantapur,Uttar Pradesh,9.19544E+11,drishya68@mane.com
9.79442E+11,Anay Luthra,14-08-1969,Female,Karaikudi,Punjab,9.1509E+11,taradarshit@kala.com
7092498,Tarini Kapur,12-05-1948,Other,Udaipur,Arunachal Pradesh,9.17316E+11,balayarnav@vala.com
7.88691E+11,Hridaan Kuruvilla,27-01-1954,Other,Ongole,Gujarat,9.15505E+11,amira04@gmail.com
9.56776E+11,Mishti Gokhale,17-05-2011,Female,Belgaum,Maharashtra,1371645826,zainagarde@rajagopal-maharaj.com
7.41687E+11,Ivana Vaidya,12-05-2016,Female,Tiruchirappalli,Uttarakhand,9.1255E+11,piya84@sanghvi.org
3.26048E+11,Himmat Basak,24-10-1934,Male,Bhind,Haryana,7114866635,bhavinkashyap@gmail.com
7.60578E+11,Himmat Karnik,12-11-1961,Female,Ozhukarai,Uttarakhand,7078929340,mkapur@yahoo.com
2.41602E+11,Manikya Chanda,24-11-2000,Other,Haridwar,Goa,9.18367E+11,ivanchanda@hotmail.com
3.94988E+11,Purab Ramesh,29-01-1974,Female,Muzaffarpur,Gujarat,1239686082,pihu29@ben.org
34936897578,Jiya Bansal,23-04-2017,Male,Amravati,Sikkim,7975516959,andraamira@shah.info
7.59945E+11,Madhup Rattan,21-02-1989,Male,Belgaum,Chhattisgarh,3480454465,dharkimaya@gmail.com
1.77416E+11,Khushi Talwar,09-08-1946,Male,Kadapa,Bihar,7053727370,samairachar@gmail.com
6.75409E+11,Anay Wadhwa,19-06-1979,Female,Kakinada,Bihar,7675620,bhallamiraan@sethi.com
38421429862,Ela Contractor,13-11-1961,Other,Imphal,Haryana,7556224346,masterrasha@hotmail.com
2.90335E+11,Anika Bedi,06-11-1992,Male,Saharanpur,Maharashtra,6219257170,omaharaj@gmail.com
8.64322E+11,Anahi Ganesh,06-05-1992,Other,Thiruvananthapuram,Tripura,9.15889E+11,alia67@sarraf.info
8.79834E+11,Aarush Iyengar,31-12-1974,Female,Chandrapur,Rajasthan,4074343977,gopalnirvi@hotmail.com
6.65481E+11,Hridaan Banerjee,02-07-1938,Male,Nagaon,West Bengal,6156365533,sairadeo@thakur.info
2.19508E+11,Aniruddh Varghese,30-11-1994,Male,Solapur,Mizoram,7085796227,ayeshakhare@khurana.net
3.6061E+11,Diya Buch,01-09-1988,Female,Naihati,Bihar,2750081677,sibalayesha@yahoo.com
49718381950,Ishaan Bedi,08-10-2007,Female,Chapra,Bihar,7108438099,nehmat96@bhandari-wason.com
4.01409E+11,Diya Vohra,05-07-1929,Other,Surendranagar Dudhrej,Karnataka,9.11734E+11,edwinsana@hotmail.com
6.7906E+11,Neelofar Deep,30-09-1942,Male,Latur,Sikkim,9.15218E+11,zaina60@mall.com
8.01052E+11,Nirvi Mander,02-11-1947,Male,Bhagalpur,Odisha,9.10993E+11,gokul03@sachdeva-apte.com
6.89377E+11,Baiju Bahl,12-04-1987,Female,Begusarai,Haryana,4152922519,mannatdoshi@gmail.com
1.33427E+11,Shaan Basak,08-09-1960,Male,Chinsurah,Bihar,9167004923,aarnavarkey@sastry.net
9.06122E+11,Badal Sibal,01-11-1950,Female,Kochi,Tripura,9.11425E+11,anviarya@yahoo.com
54164018790,Akarsh Shankar,04-03-1997,Male,Gorakhpur,Goa,3029794510,vidur28@swamy.com
3.46862E+11,Heer Balasubramanian,28-10-1928,Male,Nandyal,Sikkim,1809766582,mishti71@wali.org
3.88292E+11,Shlok Sheth,01-09-1996,Female,Gopalpur,Tamil Nadu,4756889944,trisha82@yahoo.com
9.79766E+11,Mishti Atwal,28-08-1950,Other,Hapur,Rajasthan,9.12782E+11,arnav69@gmail.com
8.32546E+11,Yakshit Hayre,09-08-2018,Female,Katni,Telangana,7281885467,chhabramishti@kant-raja.org
9.74535E+11,Trisha Bora,22-06-1982,Male,Mira-Bhayandar,Manipur,1037652170,dchaudry@hotmail.com
8.0548E+11,Indrans Hora,11-04-1961,Male,Agartala,Andhra Pradesh,3235688396,deodamini@hotmail.com
5.54656E+11,Raghav Dalal,18-01-1950,Female,Bettiah,Goa,9.11326E+11,hunargulati@magar.com
3.31924E+11,Akarsh Dhillon,19-07-1993,Male,Durgapur,Goa,2625181538,sahilsekhon@barad.com
71256988032,Parinaaz Khosla,16-07-1951,Other,Ujjain,West Bengal,8181088816,umangsen@gmail.com
7.22302E+11,Parinaaz Arya,15-07-1990,Male,Bhusawal,Kerala,6534592838,solankidhanuk@hotmail.com
9.17804E+11,Dhanuk Som,30-06-1964,Female,Akola,West Bengal,9.19034E+11,kbakshi@johal-virk.com
15136925852,Zeeshan Choudhry,22-04-2020,Male,Farrukhabad,Arunachal Pradesh,5848161639,sankaranhiran@gmail.com
4.20282E+11,Stuvan Manda,28-06-1930,Other,Ludhiana,Telangana,7117871875,diya84@gmail.com
9.36559E+11,Anika Tak,15-04-1928,Male,Aurangabad,Arunachal Pradesh,7121596516,mboase@mane-chanda.com
6.50918E+11,Shanaya Sarkar,16-07-2005,Female,Jamshedpur,Meghalaya,720872039,orajan@chad.net
5.12219E+11,Hrishita Choudhry,10-04-1948,Other,Jaipur,Punjab,7620549470,sarmalavanya@gmail.com
1.55226E+11,Pari Baral,10-09-1962,Female,Ulhasnagar,Meghalaya,4045244248,anya61@hotmail.com
2.69091E+11,Neelofar Kara,02-08-1934,Male,Bhusawal,Gujarat,9412694680,sethjiya@thaker.net
5.03298E+11,Sana Iyer,22-11-1988,Female,Belgaum,Tripura,9.14635E+11,ckoshy@yahoo.com
8.6194E+11,Samarth Lalla,08-04-2016,Male,Panchkula,Meghalaya,9545080666,veerrajan@choudhury.com
75215303256,Manikya Ramaswamy,24-01-1930,Female,Howrah,Punjab,4521904669,inaaya-sarraf@bakshi.com
8.44817E+11,Tarini Ratti,23-09-1953,Male,Gangtok,Tamil Nadu,8863785861,kvaidya@badami-contractor.com
8.18042E+11,Kaira Choudhury,03-04-1963,Other,Unnao,Punjab,6317245908,jdutta@gmail.com
6.73112E+11,Manjari Savant,02-09-1971,Female,Tumkur,Madhya Pradesh,8394264340,anay77@hotmail.com
5.77307E+11,Abram Chakrabarti,05-01-1989,Male,Kolkata,Punjab,9.1566E+11,boasenavya@hotmail.com
2.01542E+11,Ojas Anand,12-05-1953,Male,Bhubaneswar,Andhra Pradesh,5208700808,bhaminizachariah@yahoo.com
4.73789E+11,Ojas Ramanathan,07-04-1964,Female,Ratlam,Goa,9.14392E+11,xchad@yahoo.com
8.83607E+11,Piya Zachariah,16-02-2007,Female,Chittoor,Sikkim,9470691696,choudhryadvik@chada-sani.com
8.946E+11,Sana Swamy,03-07-1964,Female,Patiala,Odisha,9.18524E+11,tejaschawla@yahoo.com
8.50047E+11,Faiyaz Mannan,15-02-1940,Male,Hubli–Dharwad,Sikkim,9.15261E+11,divyanshagate@gmail.com
4.91977E+11,Indrans Krishnan,31-05-2013,Other,Dhanbad,Meghalaya,1546499733,eramachandran@gmail.com
7.17745E+11,Anay Chanda,17-08-1944,Other,Thane,Uttarakhand,7866698380,nayantarakaur@shroff.biz
2.97484E+11,Adira Das,18-08-1963,Male,Buxar,Bihar,757718167,gadeelakshi@kamdar-korpal.com
6.2009E+11,Aniruddh Sahota,10-12-1942,Female,Malda,Madhya Pradesh,9.11503E+11,ovarghese@yahoo.com
7.01553E+11,Stuvan Mani,05-02-1990,Female,Mau,Jharkhand,161293002,shalvsama@koshy.com
4.9013E+11,Raunak Sampath,28-09-1980,Other,Bhilai,Haryana,6296135971,alia00@hotmail.com
6.68662E+11,Advika Bhandari,28-11-1935,Other,Tiruchirappalli,Manipur,898352256,chakrabortykiaan@dugal.com
6.40702E+11,Adah Choudhary,16-12-1930,Male,Dewas,Himachal Pradesh,3355745929,gokhalebadal@yahoo.com
3.50241E+11,Aayush Verma,13-04-1945,Male,Orai,Jharkhand,3068950986,shloksamra@walia.com
5.27069E+11,Rhea Tara,11-04-1970,Other,Imphal,Sikkim,4618244148,kauralia@bhattacharyya.com
4.82646E+11,Advik Mangal,11-02-2000,Other,Naihati,Gujarat,5696216153,ghoseshray@garg-sen.org
6.64631E+11,Trisha Karnik,15-11-2002,Female,Khandwa,Nagaland,9342403117,raghav15@hotmail.com
3.75284E+11,Kimaya Chandran,09-07-1994,Other,Sonipat,Odisha,9.11171E+11,anvi60@bhattacharyya.info
9.62734E+11,Saira Deo,12-12-1977,Male,Phagwara,Punjab,6548883495,onkarbose@doshi.com
9.74443E+11,Kiara Sheth,15-07-1925,Other,Tiruppur,Bihar,9.14186E+11,dishaniraja@gill.com
4.77039E+11,Ayesha Kala,02-12-2008,Female,Srikakulam,Odisha,5250846497,nishith00@hotmail.com
2.63298E+11,Divyansh Hayer,14-06-1950,Female,Bidar,Jharkhand,7865930119,wkaur@varty.com
5.85149E+11,Sana Maharaj,23-01-2016,Male,Chinsurah,Punjab,7686951553,laddamini@gmail.com
8.63614E+11,Indrans Karan,15-11-1974,Other,Gulbarga,Rajasthan,9.14467E+11,ychada@kaul.net
8.2832E+11,Dhanush Balakrishnan,17-09-1991,Other,Unnao,Sikkim,8861359789,jhaverishray@gmail.com
1.9114E+11,Nirvi Maharaj,16-07-2001,Male,Vadodara,Karnataka,9053716662,riaandatta@atwal.com
6.18472E+11,Sara Ravi,20-12-1998,Male,Rajpur Sonarpur,Punjab,1029113002,wthakkar@hotmail.com
1.1061E+11,Adah Kumar,04-12-1991,Other,Gopalpur,Sikkim,656951127,kiaan70@hotmail.com
1.08626E+11,Zara Kade,06-01-1981,Male,Bokaro,Sikkim,9.16887E+11,uthkarsh56@yahoo.com
3.18834E+11,Emir Doshi,13-07-1929,Male,Sambhal,Meghalaya,7343756014,shalv22@bali.com
2.97313E+11,Shayak Sibal,13-09-1978,Female,Mira-Bhayandar,Madhya Pradesh,5603365469,siya31@swaminathan-chaudry.com
9.3325E+11,Pihu Behl,19-06-1969,Male,Ichalkaranji,West Bengal,9.19599E+11,bloyal@mahal.com
1.26533E+11,Zoya Sundaram,01-07-2000,Other,Ulhasnagar,Uttarakhand,8628552657,dararania@yahoo.com
5.16478E+11,Vardaniya Thaman,02-07-2009,Male,Firozabad,Manipur,3212067611,heer74@hotmail.com
1.93118E+11,Priyansh Lad,10-10-1956,Other,Jodhpur,Assam,9.11937E+11,mahajandhanuk@hotmail.com
3.80919E+11,Stuvan Garg,12-11-1971,Other,Mahbubnagar,Punjab,9.18309E+11,krish15@mangal.org
7.57952E+11,Mahika Mangat,01-06-2018,Male,Bidar,Mizoram,5842508748,kashyaphrishita@sarma.com
5.92374E+11,Nishith Acharya,21-11-1943,Female,Sonipat,Rajasthan,9.16651E+11,uthkarshbatra@chawla.net
3.82272E+11,Suhana Borde,23-12-2006,Other,Dewas,Meghalaya,9.1269E+11,myrasunder@dora.net
9.28648E+11,Nitya Garde,12-07-1977,Male,Guntur,Chhattisgarh,1424949797,hanne@gmail.com
3.79124E+11,Ela Behl,09-01-1973,Male,Tinsukia,Himachal Pradesh,7009135291,nakuldeo@gmail.com
2.62705E+11,Lakshit Kulkarni,19-04-1968,Male,Visakhapatnam,Chhattisgarh,5646594451,mannjayant@hotmail.com
8.60167E+11,Anya Choudhury,16-07-2011,Female,Meerut,Nagaland,4389664657,saniindranil@yahoo.com
8.2122E+11,Dhanuk Master,26-09-1938,Male,Durg,Haryana,8322722124,ivana53@yahoo.com
82775008283,Ranbir Edwin,08-06-1985,Male,Chandrapur,Himachal Pradesh,6721770855,ramaswamydivij@yahoo.com
2.9789E+11,Zaina Lal,06-12-1976,Female,Dharmavaram,Chhattisgarh,6595876345,yakshit75@chacko.biz
3.56133E+11,Zara Deshpande,05-11-1960,Other,Satna,Maharashtra,827350775,dlanka@gmail.com
4.59763E+11,Shlok Iyer,18-12-1933,Female,Nizamabad,Chhattisgarh,9588015538,tsubramanian@hotmail.com
6.81823E+11,Vanya Warrior,24-04-1965,Female,Gurgaon,Andhra Pradesh,7948605944,kabir62@hotmail.com
1.84962E+11,Kismat Setty,10-07-1986,Female,Begusarai,Jharkhand,2730775380,syogi@kumer-kapoor.com
36940703767,Renee Virk,14-03-1932,Male,Faridabad,Himachal Pradesh,1948092084,ritvikkara@gmail.com
6.9571E+11,Gokul Kashyap,15-06-1970,Other,Nashik,Sikkim,3081543475,osrivastava@yahoo.com
27794882928,Ishaan Sharaf,15-03-1932,Female,Chandrapur,Tamil Nadu,3666505408,ranbirwali@rao.com
8.46471E+11,Rati Sami,26-11-1936,Male,Parbhani,Madhya Pradesh,7403253235,jayanbath@gmail.com
4.66788E+11,Aayush Bhatti,12-03-1977,Other,Bidhannagar,Andhra Pradesh,9.11266E+11,wkaur@yahoo.com
4.68617E+11,Shalv Mammen,22-11-1984,Female,Nadiad,Assam,1392090560,ldara@badami.org
2.82043E+11,Aarav Chakrabarti,03-05-1963,Other,Haldia,Mizoram,7979967942,wyohannan@yahoo.com
7.79076E+11,Ayesha Choudhry,18-02-2004,Female,Medininagar,Assam,6536152206,nirvikamdar@dasgupta-batta.biz
7.11711E+11,Nakul Sathe,08-12-1987,Male,Bhavnagar,Andhra Pradesh,9.19246E+11,hrishitavarughese@yahoo.com
64010502200,Shray Madan,05-05-1929,Female,Thiruvananthapuram,Uttar Pradesh,8794052752,ojasgara@yahoo.com
6.52951E+11,Yakshit Batra,16-01-1999,Female,Tenali,Arunachal Pradesh,9.1069E+11,amira27@shetty.com
1.45415E+11,Hiran Rao,20-04-2010,Male,Mango,Manipur,3193409208,samiha75@hotmail.com
3.89816E+11,Seher Gara,18-07-1949,Other,Bhagalpur,Tripura,9.11795E+11,crana@hotmail.com
3.49317E+11,Zeeshan D’Alia,12-09-1992,Other,Bally,Uttarakhand,7650149764,dhruv88@devi.com
7.99911E+11,Vivaan Master,29-03-1997,Other,Panchkula,Karnataka,8048619342,mishtibora@yahoo.com
